STATION,NAME,LATITUDE,LONGITUDE,ELEVATION,DATE,PRCP,SN31,SN32,SNOW,SNWD,SX31,SX32,TMAX,TMIN,TOBS
USC00231801,"COLUMBIA U OF M, MO US",38.94243,-92.32044,234.7,6/1/2018,0,22.2,22.8,0,0,35,30.6,35,20.6,25
USC00231801,"COLUMBIA U OF M, MO US",38.94243,-92.32044,234.7,6/2/2018,0,21.7,23.3,0,0,30,27.8,29.4,20.6,20.6
USC00231801,"COLUMBIA U OF M, MO US",38.94243,-92.32044,234.7,6/3/2018,6.6,18.9,20.6,0,0,33.3,29.4,28.9,16.1,18.9
USC00231801,"COLUMBIA U OF M, MO US",38.94243,-92.32044,234.7,6/4/2018,0,18.3,20,0,0,28.9,26.1,25,12.8,18.3
USC00231801,"COLUMBIA U OF M, MO US",38.94243,-92.32044,234.7,6/5/2018,0,18.3,20,0,0,34.4,30.6,30.6,13.9,20
USC00231801,"COLUMBIA U OF M, MO US",38.94243,-92.32044,234.7,6/6/2018,0,20.6,21.7,0,0,34.4,30.6,31.7,16.1,22.8
USC00231801,"COLUMBIA U OF M, MO US",38.94243,-92.32044,234.7,6/7/2018,0,22.8,23.3,0,0,33.3,30,32.2,20.6,23.9
USC00231801,"COLUMBIA U OF M, MO US",38.94243,-92.32044,234.7,6/8/2018,0.5,23.9,24.4,0,0,33.3,30.6,31.7,23.3,24.4
USC00231801,"COLUMBIA U OF M, MO US",38.94243,-92.32044,234.7,6/9/2018,0,23.9,24.4,0,0,36.1,32.2,33.3,22.8,26.1
USC00231801,"COLUMBIA U OF M, MO US",38.94243,-92.32044,234.7,6/10/2018,0,25,25.6,0,0,36.1,32.8,34.4,23.3,26.7
USC00231801,"COLUMBIA U OF M, MO US",38.94243,-92.32044,234.7,6/11/2018,0,25,25.6,0,0,36.7,33.9,35,23.3,26.7
USC00231801,"COLUMBIA U OF M, MO US",38.94243,-92.32044,234.7,6/12/2018,2.3,24.4,25.6,0,0,34.4,32.2,31.1,20.6,23.3
USC00231801,"COLUMBIA U OF M, MO US",38.94243,-92.32044,234.7,6/13/2018,0,24.4,25,0,0,36.1,32.8,31.7,20.6,21.1
USC00231801,"COLUMBIA U OF M, MO US",38.94243,-92.32044,234.7,6/14/2018,0,23.3,24.4,0,0,35.6,32.8,34.4,19.4,22.2
USC00231801,"COLUMBIA U OF M, MO US",38.94243,-92.32044,234.7,6/15/2018,0,24.4,25,0,0,35.6,32.8,35.6,22.2,26.7
USC00231801,"COLUMBIA U OF M, MO US",38.94243,-92.32044,234.7,6/16/2018,0,25.6,26.1,0,0,36.7,33.3,35.6,24.4,27.8
USC00231801,"COLUMBIA U OF M, MO US",38.94243,-92.32044,234.7,6/17/2018,0,26.7,27.2,0,0,36.1,33.3,35.6,25.6,28.3
USC00231801,"COLUMBIA U OF M, MO US",38.94243,-92.32044,234.7,6/18/2018,0,26.7,27.2,0,0,36.1,33.3,35.6,25,27.2
USC00231801,"COLUMBIA U OF M, MO US",38.94243,-92.32044,234.7,6/19/2018,0,26.7,27.2,0,0,34.4,32.2,34.4,22.8,22.8
USC00231801,"COLUMBIA U OF M, MO US",38.94243,-92.32044,234.7,6/20/2018,2.8,23.9,25.6,0,0,35,32.2,33.9,20,20
USC00231801,"COLUMBIA U OF M, MO US",38.94243,-92.32044,234.7,6/21/2018,30.7,21.7,23.3,0,0,26.7,26.1,23.9,18.3,18.3
USC00231801,"COLUMBIA U OF M, MO US",38.94243,-92.32044,234.7,6/22/2018,7.6,20.6,21.7,0,0,24.4,23.9,22.2,17.2,20
USC00231801,"COLUMBIA U OF M, MO US",38.94243,-92.32044,234.7,6/23/2018,0,21.1,21.7,0,0,28.9,26.7,27.2,18.9,20.6
USC00231801,"COLUMBIA U OF M, MO US",38.94243,-92.32044,234.7,6/24/2018,0,21.1,21.7,0,0,27.2,26.1,28.9,19.4,21.7
USC00231801,"COLUMBIA U OF M, MO US",38.94243,-92.32044,234.7,6/25/2018,0,21.1,22.2,0,0,30.6,28.3,31.7,19.4,23.3
USC00231801,"COLUMBIA U OF M, MO US",38.94243,-92.32044,234.7,6/26/2018,0,21.1,21.7,0,0,23.9,25,23.3,19.4,20.6
USC00231801,"COLUMBIA U OF M, MO US",38.94243,-92.32044,234.7,6/27/2018,81.8,20.6,21.1,0,0,31.1,28.3,32.2,19.4,26.7
USC00231801,"COLUMBIA U OF M, MO US",38.94243,-92.32044,234.7,6/28/2018,0,23.9,24.4,0,0,33.3,31.1,36.1,22.8,27.2
USC00231801,"COLUMBIA U OF M, MO US",38.94243,-92.32044,234.7,6/29/2018,0,25.6,25.6,0,0,33.9,31.1,34.4,26.7,27.2
USC00231801,"COLUMBIA U OF M, MO US",38.94243,-92.32044,234.7,6/30/2018,0,25.6,26.1,0,0,33.9,31.7,34.4,26.1,27.2
USC00231801,"COLUMBIA U OF M, MO US",38.94243,-92.32044,234.7,7/1/2018,0,25.6,26.1,0,0,31.1,29.4,30.6,22.8,24.4
USC00231801,"COLUMBIA U OF M, MO US",38.94243,-92.32044,234.7,7/2/2018,3,23.9,24.4,0,0,31.7,30,31.1,21.1,25
USC00231801,"COLUMBIA U OF M, MO US",38.94243,-92.32044,234.7,7/3/2018,0,24.4,25,0,0,32.8,30.6,33.9,23.9,26.7
USC00231801,"COLUMBIA U OF M, MO US",38.94243,-92.32044,234.7,7/4/2018,0,25.6,26.1,0,0,34.4,32.2,34.4,23.9,26.7
USC00231801,"COLUMBIA U OF M, MO US",38.94243,-92.32044,234.7,7/5/2018,0,25.6,26.1,0,0,35,32.8,35.6,23.9,25
USC00231801,"COLUMBIA U OF M, MO US",38.94243,-92.32044,234.7,7/6/2018,0,26.7,26.7,0,0,33.9,31.7,31.1,21.1,21.1
USC00231801,"COLUMBIA U OF M, MO US",38.94243,-92.32044,234.7,7/7/2018,0,23.9,25,0,0,32.2,30.6,28.3,16.7,18.9
USC00231801,"COLUMBIA U OF M, MO US",38.94243,-92.32044,234.7,7/8/2018,0,22.2,23.9,0,0,32.2,30.6,32.2,15.6,25
USC00231801,"COLUMBIA U OF M, MO US",38.94243,-92.32044,234.7,7/9/2018,0,25,25.6,0,0,33.3,31.1,34.4,22.8,25
USC00231801,"COLUMBIA U OF M, MO US",38.94243,-92.32044,234.7,7/10/2018,0,25,25.6,0,0,33.3,31.1,36.1,22.8,26.7
USC00231801,"COLUMBIA U OF M, MO US",38.94243,-92.32044,234.7,7/11/2018,0,26.1,26.7,0,0,33.9,32.2,34.4,23.9,24.4
USC00231801,"COLUMBIA U OF M, MO US",38.94243,-92.32044,234.7,7/12/2018,0,25,26.1,0,0,33.9,31.7,35.6,22.2,26.7
USC00231801,"COLUMBIA U OF M, MO US",38.94243,-92.32044,234.7,7/13/2018,0,26.1,26.7,0,0,33.9,31.7,36.1,23.9,23.9
USC00231801,"COLUMBIA U OF M, MO US",38.94243,-92.32044,234.7,7/14/2018,1,26.1,26.7,0,0,35.6,33.3,35,23.3,25
USC00231801,"COLUMBIA U OF M, MO US",38.94243,-92.32044,234.7,7/15/2018,0,26.1,26.7,0,0,38.3,35,35,23.3,25
USC00231801,"COLUMBIA U OF M, MO US",38.94243,-92.32044,234.7,7/16/2018,0,26.1,27.2,0,0,38.9,35,35,23.3,26.1
USC00231801,"COLUMBIA U OF M, MO US",38.94243,-92.32044,234.7,7/17/2018,0,26.1,27.2,0,0,35,32.2,30,22.2,23.3
USC00231801,"COLUMBIA U OF M, MO US",38.94243,-92.32044,234.7,7/18/2018,0,25,26.1,0,0,32.8,30.6,30,21.7,25.6
USC00231801,"COLUMBIA U OF M, MO US",38.94243,-92.32044,234.7,7/19/2018,0,24.4,25.6,0,0,30,28.9,28.9,21.1,21.1
USC00231801,"COLUMBIA U OF M, MO US",38.94243,-92.32044,234.7,7/20/2018,21.8,22.2,23.3,0,0,33.9,30.6,33.3,20.6,23.3
USC00231801,"COLUMBIA U OF M, MO US",38.94243,-92.32044,234.7,7/21/2018,0,21.7,23.3,0,0,34.4,31.1,31.1,20,23.3
USC00231801,"COLUMBIA U OF M, MO US",38.94243,-92.32044,234.7,7/22/2018,0,22.2,23.3,0,0,34.4,31.7,29.4,19.4,21.1
USC00231801,"COLUMBIA U OF M, MO US",38.94243,-92.32044,234.7,7/23/2018,0,22.2,23.3,0,0,35,32.2,30.6,18.9,22.2
USC00231801,"COLUMBIA U OF M, MO US",38.94243,-92.32044,234.7,7/24/2018,0,22.8,23.9,0,0,35.6,32.8,33.3,18.9,22.2
USC00231801,"COLUMBIA U OF M, MO US",38.94243,-92.32044,234.7,7/25/2018,0,22.2,23.9,0,0,36.1,32.8,32.8,16.7,22.8
USC00231801,"COLUMBIA U OF M, MO US",38.94243,-92.32044,234.7,7/26/2018,0,23.3,24.4,0,0,28.9,27.8,26.7,18.9,19.4
USC00231801,"COLUMBIA U OF M, MO US",38.94243,-92.32044,234.7,7/27/2018,0,21.1,22.2,0,0,36.1,32.2,30.6,16.7,20
USC00231801,"COLUMBIA U OF M, MO US",38.94243,-92.32044,234.7,7/28/2018,0,22.2,23.3,0,0,32.2,29.4,28.9,17.8,21.1
USC00231801,"COLUMBIA U OF M, MO US",38.94243,-92.32044,234.7,7/29/2018,0,21.7,22.2,0,0,25,25.6,21.7,17.8,17.8
USC00231801,"COLUMBIA U OF M, MO US",38.94243,-92.32044,234.7,7/30/2018,5.1,20.6,21.7,0,0,30,27.2,26.7,17.8,20.6
USC00231801,"COLUMBIA U OF M, MO US",38.94243,-92.32044,234.7,7/31/2018,0,20.6,21.7,0,0,32.8,30,29.4,17.8,18.3
USC00231801,"COLUMBIA U OF M, MO US",38.94243,-92.32044,234.7,8/1/2018,0,20,21.7,0,0,35.6,31.7,32.2,16.1,22.2
USC00231801,"COLUMBIA U OF M, MO US",38.94243,-92.32044,234.7,8/2/2018,0,21.7,22.8,0,0,36.7,33.3,33.9,19.4,23.9
USC00231801,"COLUMBIA U OF M, MO US",38.94243,-92.32044,234.7,8/3/2018,0,22.8,23.9,0,0,37.8,33.9,36.1,18.9,25.6
USC00231801,"COLUMBIA U OF M, MO US",38.94243,-92.32044,234.7,8/4/2018,0,24.4,25,0,0,36.7,33.9,35,22.2,26.1
USC00231801,"COLUMBIA U OF M, MO US",38.94243,-92.32044,234.7,8/5/2018,0,25.6,26.1,0,0,37.2,33.9,37.2,25,27.8
USC00231801,"COLUMBIA U OF M, MO US",38.94243,-92.32044,234.7,8/6/2018,0,25,26.1,0,0,35,32.8,36.1,23.9,23.9
USC00231801,"COLUMBIA U OF M, MO US",38.94243,-92.32044,234.7,8/7/2018,0,24.4,25.6,0,0,30.6,29.4,29.4,20.6,22.8
USC00231801,"COLUMBIA U OF M, MO US",38.94243,-92.32044,234.7,8/8/2018,3.6,22.2,23.3,0,0,35,32.2,32.8,20,21.1
USC00231801,"COLUMBIA U OF M, MO US",38.94243,-92.32044,234.7,8/9/2018,0,22.2,23.3,0,0,37.2,33.3,35,17.8,23.9
USC00231801,"COLUMBIA U OF M, MO US",38.94243,-92.32044,234.7,8/10/2018,0,23.9,24.4,0,0,36.7,33.3,35.6,21.1,24.4
USC00231801,"COLUMBIA U OF M, MO US",38.94243,-92.32044,234.7,8/11/2018,0,23.9,25,0,0,37.8,33.9,33.3,21.1,22.2
USC00231801,"COLUMBIA U OF M, MO US",38.94243,-92.32044,234.7,8/12/2018,0,23.3,24.4,0,0,36.7,33.3,33.9,18.3,23.3
USC00231801,"COLUMBIA U OF M, MO US",38.94243,-92.32044,234.7,8/13/2018,0,24.4,25,0,0,38.3,34.4,35,20.6,23.3
USC00231801,"COLUMBIA U OF M, MO US",38.94243,-92.32044,234.7,8/14/2018,0,25,25.6,0,0,28.3,28.3,26.7,22.2,23.3
USC00231801,"COLUMBIA U OF M, MO US",38.94243,-92.32044,234.7,8/15/2018,8.1,23.9,24.4,0,0,30.6,28.9,30,21.7,23.9
USC00231801,"COLUMBIA U OF M, MO US",38.94243,-92.32044,234.7,8/16/2018,0,23.3,23.9,0,0,37.2,33.9,35,21.7,21.7
USC00231801,"COLUMBIA U OF M, MO US",38.94243,-92.32044,234.7,8/17/2018,5.6,23.9,24.4,0,0,33.9,31.1,31.1,21.1,22.2
USC00231801,"COLUMBIA U OF M, MO US",38.94243,-92.32044,234.7,8/18/2018,0,22.2,23.3,0,0,32.8,30.6,30.6,20,21.7
USC00231801,"COLUMBIA U OF M, MO US",38.94243,-92.32044,234.7,8/19/2018,0,22.8,23.3,0,0,32.2,30,31.1,20.6,21.1
USC00231801,"COLUMBIA U OF M, MO US",38.94243,-92.32044,234.7,8/20/2018,6.9,22.8,23.3,0,0,28.3,27.2,28.3,20,20.6
USC00231801,"COLUMBIA U OF M, MO US",38.94243,-92.32044,234.7,8/21/2018,5.3,22.2,22.8,0,0,30.6,28.3,29.4,20,21.7
USC00231801,"COLUMBIA U OF M, MO US",38.94243,-92.32044,234.7,8/22/2018,0,20,21.7,0,0,31.7,28.9,27.2,16.7,16.7
USC00231801,"COLUMBIA U OF M, MO US",38.94243,-92.32044,234.7,8/23/2018,0,18.3,20,0,0,26.1,24.4,25,14.4,20
USC00231801,"COLUMBIA U OF M, MO US",38.94243,-92.32044,234.7,8/24/2018,13.2,20,21.1,0,0,28.9,27.2,30,17.8,25
USC00231801,"COLUMBIA U OF M, MO US",38.94243,-92.32044,234.7,8/25/2018,0,22.8,23.3,0,0,33.3,30.6,36.1,23.9,26.1
USC00231801,"COLUMBIA U OF M, MO US",38.94243,-92.32044,234.7,8/26/2018,0,23.9,24.4,0,0,33.3,31.1,36.1,23.9,27.2
USC00231801,"COLUMBIA U OF M, MO US",38.94243,-92.32044,234.7,8/27/2018,0,24.4,25,0,0,35,32.2,36.1,25,27.8
USC00231801,"COLUMBIA U OF M, MO US",38.94243,-92.32044,234.7,8/28/2018,0,25.6,26.1,0,0,35.6,32.8,36.7,25.6,28.3
USC00231801,"COLUMBIA U OF M, MO US",38.94243,-92.32044,234.7,8/29/2018,27.2,23.3,23.9,0,0,27.8,28.3,28.3,20.6,21.7
USC00231801,"COLUMBIA U OF M, MO US",38.94243,-92.32044,234.7,8/30/2018,0,22.2,22.8,0,0,25,24.4,24.4,20,21.7
USC00231801,"COLUMBIA U OF M, MO US",38.94243,-92.32044,234.7,8/31/2018,0.5,21.7,22.2,0,0,25,23.9,27.2,20,23.3
USC00231801,"COLUMBIA U OF M, MO US",38.94243,-92.32044,234.7,9/1/2018,20.1,22.2,22.2,0,0,31.1,28.9,33.9,23.3,25
USC00231801,"COLUMBIA U OF M, MO US",38.94243,-92.32044,234.7,9/2/2018,0,22.8,23.3,0,0,30.6,28.3,31.1,22.2,25
USC00231801,"COLUMBIA U OF M, MO US",38.94243,-92.32044,234.7,9/3/2018,0,23.9,24.4,0,0,31.7,29.4,32.8,23.9,25
USC00231801,"COLUMBIA U OF M, MO US",38.94243,-92.32044,234.7,9/4/2018,0,23.3,23.9,0,0,33.3,30.6,33.3,22.2,25.6
USC00231801,"COLUMBIA U OF M, MO US",38.94243,-92.32044,234.7,9/5/2018,0,23.3,24.4,0,0,34.4,30.6,33.3,22.8,23.3
USC00231801,"COLUMBIA U OF M, MO US",38.94243,-92.32044,234.7,9/6/2018,3,23.9,24.4,0,0,28.3,26.7,26.7,22.2,23.3
USC00231801,"COLUMBIA U OF M, MO US",38.94243,-92.32044,234.7,9/7/2018,0.5,21.7,22.8,0,0,24.4,24.4,23.3,20,20.6
USC00231801,"COLUMBIA U OF M, MO US",38.94243,-92.32044,234.7,9/8/2018,4.8,18.9,20.6,0,0,21.7,22.8,20.6,16.7,16.7
USC00231801,"COLUMBIA U OF M, MO US",38.94243,-92.32044,234.7,9/9/2018,16.5,18.3,19.4,0,0,26.7,24.4,24.4,15,15
USC00231801,"COLUMBIA U OF M, MO US",38.94243,-92.32044,234.7,9/10/2018,0,16.1,17.8,0,0,28.9,25.6,26.1,12.2,16.1
USC00231801,"COLUMBIA U OF M, MO US",38.94243,-92.32044,234.7,9/11/2018,0,16.7,18.3,0,0,29.4,26.1,28.3,13.3,18.9
USC00231801,"COLUMBIA U OF M, MO US",38.94243,-92.32044,234.7,9/12/2018,0,17.8,19.4,0,0,29.4,26.1,27.2,15.6,19.4
USC00231801,"COLUMBIA U OF M, MO US",38.94243,-92.32044,234.7,9/13/2018,0,19.4,20.6,0,0,32.8,28.3,30,17.2,21.7
USC00231801,"COLUMBIA U OF M, MO US",38.94243,-92.32044,234.7,9/14/2018,0,21.1,21.7,0,0,33.9,28.9,32.2,19.4,22.8
USC00231801,"COLUMBIA U OF M, MO US",38.94243,-92.32044,234.7,9/15/2018,0,22.2,22.8,0,0,32.2,28.3,32.2,18.9,23.3
USC00231801,"COLUMBIA U OF M, MO US",38.94243,-92.32044,234.7,9/16/2018,0,21.7,22.8,0,0,33.3,28.9,32.8,19.4,22.2
USC00231801,"COLUMBIA U OF M, MO US",38.94243,-92.32044,234.7,9/17/2018,0,22.8,23.3,0,0,33.3,29.4,32.8,19.4,22.2
USC00231801,"COLUMBIA U OF M, MO US",38.94243,-92.32044,234.7,9/18/2018,0,22.8,23.3,0,0,32.8,30,34.4,20,23.9
USC00231801,"COLUMBIA U OF M, MO US",38.94243,-92.32044,234.7,9/19/2018,0,23.9,24.4,0,0,32.8,30,33.9,22.2,25.6
USC00231801,"COLUMBIA U OF M, MO US",38.94243,-92.32044,234.7,9/20/2018,0,25,25,0,0,33.3,30.6,34.4,24.4,27.2
USC00231801,"COLUMBIA U OF M, MO US",38.94243,-92.32044,234.7,9/21/2018,2,22.2,23.3,0,0,30.6,28.3,27.2,15.6,15.6
USC00231801,"COLUMBIA U OF M, MO US",38.94243,-92.32044,234.7,9/22/2018,0,18.9,20,0,0,29.4,27.2,23.3,11.1,13.9
USC00231801,"COLUMBIA U OF M, MO US",38.94243,-92.32044,234.7,9/23/2018,0,17.8,18.9,0,0,29.4,26.7,26.1,10.6,20.6
USC00231801,"COLUMBIA U OF M, MO US",38.94243,-92.32044,234.7,9/24/2018,0,22.2,22.2,0,0,25,24.4,23.9,19.4,20.6
USC00231801,"COLUMBIA U OF M, MO US",38.94243,-92.32044,234.7,9/25/2018,0,21.7,21.7,0,0,29.4,27.2,30,14.4,14.4
USC00231801,"COLUMBIA U OF M, MO US",38.94243,-92.32044,234.7,9/26/2018,3.3,16.7,18.3,0,0,23.9,23.3,18.9,9.4,9.4
USC00231801,"COLUMBIA U OF M, MO US",38.94243,-92.32044,234.7,9/27/2018,0,13.3,15.6,0,0,26.7,23.9,23.3,5.6,12.8
USC00231801,"COLUMBIA U OF M, MO US",38.94243,-92.32044,234.7,9/28/2018,0,15,16.7,0,0,26.1,23.3,22.2,8.9,11.7
USC00231801,"COLUMBIA U OF M, MO US",38.94243,-92.32044,234.7,9/29/2018,1.3,16.1,17.2,0,0,23.9,22.2,23.3,8.9,18.3
USC00231801,"COLUMBIA U OF M, MO US",38.94243,-92.32044,234.7,9/30/2018,0,18.3,18.9,0,0,25,23.3,26.1,17.8,21.1
USC00231801,"COLUMBIA U OF M, MO US",38.94243,-92.32044,234.7,10/1/2018,0,20,20.6,0,0,27.8,25.6,29.4,19.4,21.1
USC00231801,"COLUMBIA U OF M, MO US",38.94243,-92.32044,234.7,10/2/2018,0,21.1,21.1,0,0,29.4,27.2,31.1,20,23.9
USC00231801,"COLUMBIA U OF M, MO US",38.94243,-92.32044,234.7,10/3/2018,0,22.2,22.2,0,0,28.9,27.2,32.2,22.2,26.7
USC00231801,"COLUMBIA U OF M, MO US",38.94243,-92.32044,234.7,10/4/2018,0,18.9,20,0,0,24.4,24.4,26.7,11.7,14.4
USC00231801,"COLUMBIA U OF M, MO US",38.94243,-92.32044,234.7,10/5/2018,4.3,18.3,19.4,0,0,27.2,25,30.6,14.4,24.4
USC00231801,"COLUMBIA U OF M, MO US",38.94243,-92.32044,234.7,10/6/2018,0.5,18.9,20.6,0,0,25.6,23.9,25.6,15,15
USC00231801,"COLUMBIA U OF M, MO US",38.94243,-92.32044,234.7,10/7/2018,15.5,18.9,19.4,0,0,23.3,22.2,23.3,15,20
USC00231801,"COLUMBIA U OF M, MO US",38.94243,-92.32044,234.7,10/8/2018,70.1,19.4,20,0,0,26.7,25,29.4,20,22.8
USC00231801,"COLUMBIA U OF M, MO US",38.94243,-92.32044,234.7,10/9/2018,0,20.6,21.1,0,0,26.1,24.4,27.8,18.3,19.4
USC00231801,"COLUMBIA U OF M, MO US",38.94243,-92.32044,234.7,10/10/2018,45.2,15,17.2,0,0,21.1,21.7,20.6,9.4,9.4
USC00231801,"COLUMBIA U OF M, MO US",38.94243,-92.32044,234.7,10/11/2018,1,12.2,14.4,0,0,20.6,18.9,12.2,5.6,5.6
USC00231801,"COLUMBIA U OF M, MO US",38.94243,-92.32044,234.7,10/12/2018,0,11.1,13.3,0,0,12.8,14.4,7.2,4.4,6.1
USC00231801,"COLUMBIA U OF M, MO US",38.94243,-92.32044,234.7,10/13/2018,4.1,10.6,12.2,0,0,15,15,10.6,4.4,7.8
USC00231801,"COLUMBIA U OF M, MO US",38.94243,-92.32044,234.7,10/14/2018,0,11.7,12.8,0,0,15,15,13.3,4.4,4.4
USC00231801,"COLUMBIA U OF M, MO US",38.94243,-92.32044,234.7,10/15/2018,6.9,8.9,10.6,0,0,16.7,15.6,8.9,1.1,1.1
USC00231801,"COLUMBIA U OF M, MO US",38.94243,-92.32044,234.7,10/16/2018,0,6.1,8.3,0,0,17.2,15,14.4,0,7.8
USC00231801,"COLUMBIA U OF M, MO US",38.94243,-92.32044,234.7,10/17/2018,0,8.9,10,0,0,19.4,16.7,17.8,3.9,6.7
USC00231801,"COLUMBIA U OF M, MO US",38.94243,-92.32044,234.7,10/18/2018,0,8.3,10,0,0,18.9,16.7,17.8,3.9,10.6
USC00231801,"COLUMBIA U OF M, MO US",38.94243,-92.32044,234.7,10/19/2018,0,11.7,12.2,0,0,14.4,14.4,13.9,10.6,11.7
USC00231801,"COLUMBIA U OF M, MO US",38.94243,-92.32044,234.7,10/20/2018,0.3,8.9,10.6,0,0,17.8,15.6,17.2,2.8,2.8
USC00231801,"COLUMBIA U OF M, MO US",38.94243,-92.32044,234.7,10/21/2018,0,6.1,7.8,0,0,16.7,14.4,15,-1.7,9.4
USC00231801,"COLUMBIA U OF M, MO US",38.94243,-92.32044,234.7,10/22/2018,0,8.3,9.4,0,0,19.4,16.7,22.8,6.7,9.4
USC00231801,"COLUMBIA U OF M, MO US",38.94243,-92.32044,234.7,10/23/2018,0,8.9,10.6,0,0,18.9,16.1,18.3,6.7,6.7
USC00231801,"COLUMBIA U OF M, MO US",38.94243,-92.32044,234.7,10/24/2018,0,6.7,8.9,0,0,15.6,12.8,15,3.3,8.9
USC00231801,"COLUMBIA U OF M, MO US",38.94243,-92.32044,234.7,10/25/2018,0,9.4,10.6,0,0,13.3,13.3,13.9,7.8,8.3
USC00231801,"COLUMBIA U OF M, MO US",38.94243,-92.32044,234.7,10/26/2018,9.7,10,11.1,0,0,11.7,12.2,11.7,7.2,8.3
USC00231801,"COLUMBIA U OF M, MO US",38.94243,-92.32044,234.7,10/27/2018,0.8,8.9,10,0,0,18.3,14.4,20,5.6,12.2
USC00231801,"COLUMBIA U OF M, MO US",38.94243,-92.32044,234.7,10/28/2018,0,8.9,10.6,0,0,17.2,13.9,18.9,7.2,7.8
USC00231801,"COLUMBIA U OF M, MO US",38.94243,-92.32044,234.7,10/29/2018,0,7.2,8.9,0,0,17.2,13.3,21.7,3.9,14.4
USC00231801,"COLUMBIA U OF M, MO US",38.94243,-92.32044,234.7,10/30/2018,0,11.1,11.7,0,0,18.3,16.7,23.9,11.1,11.1
USC00231801,"COLUMBIA U OF M, MO US",38.94243,-92.32044,234.7,10/31/2018,3,11.7,12.8,0,0,16.7,15,15.6,9.4,9.4
USC00231801,"COLUMBIA U OF M, MO US",38.94243,-92.32044,234.7,11/1/2018,3.6,8.9,10.6,0,0,12.2,12.2,10.6,6.1,6.1
USC00231801,"COLUMBIA U OF M, MO US",38.94243,-92.32044,234.7,11/2/2018,0.8,7.8,9.4,0,0,12.2,12.2,10,3.3,3.9
USC00231801,"COLUMBIA U OF M, MO US",38.94243,-92.32044,234.7,11/3/2018,0,7.2,8.9,0,0,12.2,11.7,12.8,2.8,10
USC00231801,"COLUMBIA U OF M, MO US",38.94243,-92.32044,234.7,11/4/2018,25.1,9.4,10,0,0,11.1,11.7,12.2,7.2,7.2
USC00231801,"COLUMBIA U OF M, MO US",38.94243,-92.32044,234.7,11/5/2018,0.8,7.8,8.9,0,0,9.4,10,10,5.6,9.4
USC00231801,"COLUMBIA U OF M, MO US",38.94243,-92.32044,234.7,11/6/2018,7.6,7.2,8.3,0,0,13.3,11.1,12.8,5,5
USC00231801,"COLUMBIA U OF M, MO US",38.94243,-92.32044,234.7,11/7/2018,0.5,6.1,7.8,0,0,12.8,10,8.3,1.7,1.7
USC00231801,"COLUMBIA U OF M, MO US",38.94243,-92.32044,234.7,11/8/2018,0,3.3,5,0,0,7.8,7.8,3.3,-0.6,0
USC00231801,"COLUMBIA U OF M, MO US",38.94243,-92.32044,234.7,11/9/2018,7.1,2.8,4.4,66,76,5.6,6.1,1.7,-6.1,-6.1
USC00231801,"COLUMBIA U OF M, MO US",38.94243,-92.32044,234.7,11/10/2018,0,1.7,3.3,0,0,4.4,4.4,1.7,-8.9,0.6
USC00231801,"COLUMBIA U OF M, MO US",38.94243,-92.32044,234.7,11/11/2018,0,1.7,2.8,0,0,6.1,5.6,7.2,-1.7,3.9
USC00231801,"COLUMBIA U OF M, MO US",38.94243,-92.32044,234.7,11/12/2018,1,2.8,3.9,0,0,5,5.6,4.4,-5,-5
USC00231801,"COLUMBIA U OF M, MO US",38.94243,-92.32044,234.7,11/13/2018,5.1,2.2,3.3,76,76,5.6,3.9,-2.8,-8.9,-8.3
USC00231801,"COLUMBIA U OF M, MO US",38.94243,-92.32044,234.7,11/14/2018,0,1.7,2.8,0,51,2.8,3.3,1.1,-10.6,-2.2
USC00231801,"COLUMBIA U OF M, MO US",38.94243,-92.32044,234.7,11/15/2018,0,1.7,2.8,0,25,6.7,4.4,7.2,-2.8,2.2
USC00231801,"COLUMBIA U OF M, MO US",38.94243,-92.32044,234.7,11/16/2018,0,2.2,3.3,0,0,8.9,6.7,11.7,1.7,5
USC00231801,"COLUMBIA U OF M, MO US",38.94243,-92.32044,234.7,11/17/2018,0,3.9,4.4,0,0,8.3,7.2,10,1.1,1.1
USC00231801,"COLUMBIA U OF M, MO US",38.94243,-92.32044,234.7,11/18/2018,0,3.9,5,0,0,5,6.1,1.7,-1.1,1.1
USC00231801,"COLUMBIA U OF M, MO US",38.94243,-92.32044,234.7,11/19/2018,0,3.9,5,0,0,7.8,7.2,7.8,0.6,2.2
USC00231801,"COLUMBIA U OF M, MO US",38.94243,-92.32044,234.7,11/20/2018,0,2.8,3.9,0,0,7.2,5.6,5,-2.2,1.7
USC00231801,"COLUMBIA U OF M, MO US",38.94243,-92.32044,234.7,11/21/2018,0,2.2,3.3,0,0,8.9,7.2,15.6,-1.1,5
USC00231801,"COLUMBIA U OF M, MO US",38.94243,-92.32044,234.7,11/22/2018,0,2.8,3.9,0,0,9.4,7.2,16.7,2.2,8.9
USC00231801,"COLUMBIA U OF M, MO US",38.94243,-92.32044,234.7,11/23/2018,0,5,5.6,0,0,7.2,7.2,10,6.7,8.3
USC00231801,"COLUMBIA U OF M, MO US",38.94243,-92.32044,234.7,11/24/2018,16.5,5,5.6,0,0,11.1,8.9,16.1,5,9.4
USC00231801,"COLUMBIA U OF M, MO US",38.94243,-92.32044,234.7,11/25/2018,0,2.8,4.4,0,0,7.8,7.8,10,-2.8,-2.8
USC00231801,"COLUMBIA U OF M, MO US",38.94243,-92.32044,234.7,11/26/2018,11.2,1.7,3.3,76,76,2.8,4.4,-2.8,-7.8,-7.8
USC00231801,"COLUMBIA U OF M, MO US",38.94243,-92.32044,234.7,11/27/2018,0,1.7,2.8,0,51,2.2,3.3,-3.9,-9.4,-8.3
USC00231801,"COLUMBIA U OF M, MO US",38.94243,-92.32044,234.7,11/28/2018,0,1.7,2.8,0,51,1.7,2.8,2.2,-9.4,0.6
USC00231801,"COLUMBIA U OF M, MO US",38.94243,-92.32044,234.7,11/29/2018,0,1.7,2.2,0,25,5.6,5,11.1,-1.7,0.6
USC00231801,"COLUMBIA U OF M, MO US",38.94243,-92.32044,234.7,11/30/2018,0,1.7,2.8,0,0,6.7,6.1,8.9,-1.1,8.9
USC00231801,"COLUMBIA U OF M, MO US",38.94243,-92.32044,234.7,12/1/2018,23.6,6.7,6.1,0,0,10,8.9,16.1,6.1,6.1
USC00231801,"COLUMBIA U OF M, MO US",38.94243,-92.32044,234.7,12/2/2018,2.3,4.4,5,0,0,7.2,7.8,6.1,1.7,1.7
USC00231801,"COLUMBIA U OF M, MO US",38.94243,-92.32044,234.7,12/3/2018,1,2.8,3.9,0,0,4.4,5,2.2,-1.1,-0.6
USC00231801,"COLUMBIA U OF M, MO US",38.94243,-92.32044,234.7,12/4/2018,0,1.7,2.8,0,0,3.3,3.9,-0.6,-3.3,-2.2
USC00231801,"COLUMBIA U OF M, MO US",38.94243,-92.32044,234.7,12/5/2018,0,1.1,2.2,0,0,3.9,2.8,7.2,-2.8,3.9
USC00231801,"COLUMBIA U OF M, MO US",38.94243,-92.32044,234.7,12/6/2018,0,1.1,2.2,0,0,2.8,2.8,4.4,-5,-5
USC00231801,"COLUMBIA U OF M, MO US",38.94243,-92.32044,234.7,12/7/2018,1.8,1.1,1.7,8,0,1.1,2.2,-1.1,-7.2,-5.6
USC00231801,"COLUMBIA U OF M, MO US",38.94243,-92.32044,234.7,12/8/2018,0,0,1.1,0,0,1.1,1.7,0,-6.7,-6.7
USC00231801,"COLUMBIA U OF M, MO US",38.94243,-92.32044,234.7,12/9/2018,0,-0.6,0.6,0,0,0,1.1,2.2,-8.9,-7.8
USC00231801,"COLUMBIA U OF M, MO US",38.94243,-92.32044,234.7,12/10/2018,0,-1.7,0,0,0,0,0.6,4.4,-10.6,-0.6
USC00231801,"COLUMBIA U OF M, MO US",38.94243,-92.32044,234.7,12/11/2018,0,-1.1,0,0,0,0,0.6,12.8,-1.7,8.9
USC00231801,"COLUMBIA U OF M, MO US",38.94243,-92.32044,234.7,12/12/2018,0,0,0.6,0,0,1.7,1.1,10.6,1.1,5
USC00231801,"COLUMBIA U OF M, MO US",38.94243,-92.32044,234.7,12/13/2018,0,1.1,1.1,0,0,5.6,5,9.4,4.4,4.4
USC00231801,"COLUMBIA U OF M, MO US",38.94243,-92.32044,234.7,12/14/2018,5.8,3.3,3.9,0,0,5,5,4.4,0,0
USC00231801,"COLUMBIA U OF M, MO US",38.94243,-92.32044,234.7,12/15/2018,0,1.7,2.2,0,0,5.6,3.9,11.7,-1.1,-0.6
USC00231801,"COLUMBIA U OF M, MO US",38.94243,-92.32044,234.7,12/16/2018,0,1.7,2.2,0,0,5.6,4.4,12.8,-1.7,3.9
USC00231801,"COLUMBIA U OF M, MO US",38.94243,-92.32044,234.7,12/17/2018,0,1.7,2.2,0,0,5.6,3.9,11.7,-1.7,1.7
USC00231801,"COLUMBIA U OF M, MO US",38.94243,-92.32044,234.7,12/18/2018,0,1.7,2.2,0,0,6.1,4.4,13.3,1.1,8.9
USC00231801,"COLUMBIA U OF M, MO US",38.94243,-92.32044,234.7,12/19/2018,0,2.8,3.3,0,0,8.3,7.2,13.3,4.4,8.9
USC00231801,"COLUMBIA U OF M, MO US",38.94243,-92.32044,234.7,12/20/2018,0.8,4.4,5,0,0,7.2,7.2,8.9,1.7,1.7
USC00231801,"COLUMBIA U OF M, MO US",38.94243,-92.32044,234.7,12/21/2018,0,1.7,3.3,0,0,5.6,5,3.3,-2.8,-1.7
USC00231801,"COLUMBIA U OF M, MO US",38.94243,-92.32044,234.7,12/22/2018,0,1.7,2.2,0,0,6.1,5,9.4,-3.3,0.6
USC00231801,"COLUMBIA U OF M, MO US",38.94243,-92.32044,234.7,12/23/2018,0,1.7,2.8,0,0,5.6,4.4,7.8,0,1.7
USC00231801,"COLUMBIA U OF M, MO US",38.94243,-92.32044,234.7,12/24/2018,0,1.1,2.2,0,0,5,4.4,9.4,-2.2,6.1
USC00231801,"COLUMBIA U OF M, MO US",38.94243,-92.32044,234.7,12/25/2018,0,3.3,3.9,0,0,7.2,5.6,11.1,3.9,3.9
USC00231801,"COLUMBIA U OF M, MO US",38.94243,-92.32044,234.7,12/26/2018,0,2.8,3.9,0,0,7.2,6.7,9.4,3.3,9.4
USC00231801,"COLUMBIA U OF M, MO US",38.94243,-92.32044,234.7,12/27/2018,22.1,6.1,6.7,0,0,10.6,9.4,16.1,0.6,0.6
USC00231801,"COLUMBIA U OF M, MO US",38.94243,-92.32044,234.7,12/28/2018,0.3,1.7,2.8,0,0,6.1,7.2,0.6,-4.4,-4.4
USC00231801,"COLUMBIA U OF M, MO US",38.94243,-92.32044,234.7,12/29/2018,0,1.1,2.2,0,0,1.7,2.8,-3.3,-8.9,-5
USC00231801,"COLUMBIA U OF M, MO US",38.94243,-92.32044,234.7,12/30/2018,0,0.6,1.7,0,0,1.1,2.2,5,-6.7,3.9
USC00231801,"COLUMBIA U OF M, MO US",38.94243,-92.32044,234.7,12/31/2018,38.9,0.6,1.7,0,0,3.9,3.9,5.6,2.8,2.8
USC00231801,"COLUMBIA U OF M, MO US",38.94243,-92.32044,234.7,1/1/2019,13.7,1.1,2.2,0,0,3.9,3.9,2.8,-3.9,-3.9
USC00231801,"COLUMBIA U OF M, MO US",38.94243,-92.32044,234.7,1/2/2019,0,1.1,1.7,0,0,1.1,2.2,-1.7,-3.9,-2.8
USC00231801,"COLUMBIA U OF M, MO US",38.94243,-92.32044,234.7,1/3/2019,0,0.6,1.7,0,0,1.7,1.7,7.2,-5,0.6
USC00231801,"COLUMBIA U OF M, MO US",38.94243,-92.32044,234.7,1/4/2019,0,1.1,1.7,0,0,4.4,2.2,11.7,-0.6,4.4
USC00231801,"COLUMBIA U OF M, MO US",38.94243,-92.32044,234.7,1/5/2019,0,1.1,1.7,0,0,6.7,3.9,15.6,0,2.2
USC00231801,"COLUMBIA U OF M, MO US",38.94243,-92.32044,234.7,1/6/2019,0,2.2,2.8,0,0,7.2,6.7,14.4,1.7,13.9
USC00231801,"COLUMBIA U OF M, MO US",38.94243,-92.32044,234.7,1/7/2019,2.3,6.7,6.7,0,0,11.7,9.4,18.9,9.4,9.4
USC00231801,"COLUMBIA U OF M, MO US",38.94243,-92.32044,234.7,1/8/2019,0,3.3,4.4,0,0,8.3,7.2,10.6,3.9,3.9
USC00231801,"COLUMBIA U OF M, MO US",38.94243,-92.32044,234.7,1/9/2019,0,1.7,2.2,0,0,4.4,4.4,3.9,-3.3,-3.3
USC00231801,"COLUMBIA U OF M, MO US",38.94243,-92.32044,234.7,1/10/2019,0,1.1,1.7,0,0,1.7,2.2,3.9,-6.1,-0.6
USC00231801,"COLUMBIA U OF M, MO US",38.94243,-92.32044,234.7,1/11/2019,0,1.1,1.7,0,0,1.1,1.7,1.7,-1.1,-1.1
USC00231801,"COLUMBIA U OF M, MO US",38.94243,-92.32044,234.7,1/12/2019,29,1.1,1.7,300,305,1.1,1.7,0.6,-1.7,-1.7
USC00231801,"COLUMBIA U OF M, MO US",38.94243,-92.32044,234.7,1/13/2019,15.7,1.1,1.7,140,432,1.7,2.2,0,-1.7,-1.1
USC00231801,"COLUMBIA U OF M, MO US",38.94243,-92.32044,234.7,1/14/2019,0,1.7,2.2,0,381,1.7,2.2,-1.1,-2.2,-2.2
USC00231801,"COLUMBIA U OF M, MO US",38.94243,-92.32044,234.7,1/15/2019,0,1.7,2.2,0,381,1.7,2.2,1.1,-2.2,0
USC00231801,"COLUMBIA U OF M, MO US",38.94243,-92.32044,234.7,1/16/2019,0.8,1.7,2.2,0,279,1.7,2.2,1.1,0,1.1
USC00231801,"COLUMBIA U OF M, MO US",38.94243,-92.32044,234.7,1/17/2019,1,1.1,1.7,0,203,1.7,2.2,2.2,0.6,0.6
USC00231801,"COLUMBIA U OF M, MO US",38.94243,-92.32044,234.7,1/18/2019,0,1.1,1.7,0,127,1.7,1.7,2.8,0,1.1
USC00231801,"COLUMBIA U OF M, MO US",38.94243,-92.32044,234.7,1/19/2019,5.6,1.1,1.7,0,76,2.2,2.2,1.1,-11.1,-11.1
USC00231801,"COLUMBIA U OF M, MO US",38.94243,-92.32044,234.7,1/20/2019,0,0.6,1.1,0,76,1.1,1.7,-8.9,-13.9,-10
USC00231801,"COLUMBIA U OF M, MO US",38.94243,-92.32044,234.7,1/21/2019,0.8,0.6,1.1,20,102,0.6,1.1,-1.7,-11.1,-2.2
USC00231801,"COLUMBIA U OF M, MO US",38.94243,-92.32044,234.7,1/22/2019,0,0.6,1.1,0,76,0.6,1.1,6.1,-2.8,5
USC00231801,"COLUMBIA U OF M, MO US",38.94243,-92.32044,234.7,1/23/2019,13.5,0.6,1.1,0,25,1.7,1.7,5,-6.7,-6.1
USC00231801,"COLUMBIA U OF M, MO US",38.94243,-92.32044,234.7,1/24/2019,0,0.6,1.1,0,0,1.1,1.1,-2.2,-11.1,-11.1
USC00231801,"COLUMBIA U OF M, MO US",38.94243,-92.32044,234.7,1/25/2019,0,0.6,0.6,0,0,0.6,1.1,0.6,-14.4,-2.2
USC00231801,"COLUMBIA U OF M, MO US",38.94243,-92.32044,234.7,1/26/2019,0,0.6,0.6,0,0,0.6,0.6,5,-5.6,1.1
USC00231801,"COLUMBIA U OF M, MO US",38.94243,-92.32044,234.7,1/27/2019,0,0.6,0.6,0,0,0.6,1.1,5.6,-5,5.6
USC00231801,"COLUMBIA U OF M, MO US",38.94243,-92.32044,234.7,1/28/2019,5.3,0.6,1.1,0,0,1.7,1.1,7.8,-10,-10
USC00231801,"COLUMBIA U OF M, MO US",38.94243,-92.32044,234.7,1/29/2019,0,0,0.6,0,0,0.6,1.1,-2.8,-14.4,-14.4
USC00231801,"COLUMBIA U OF M, MO US",38.94243,-92.32044,234.7,1/30/2019,0,-1.1,0,0,0,0,0.6,-13.9,-22.2,-16.1
USC00231801,"COLUMBIA U OF M, MO US",38.94243,-92.32044,234.7,1/31/2019,1.3,-1.7,0,8,0,-0.6,0,-1.7,-16.7,-2.2
USC00231801,"COLUMBIA U OF M, MO US",38.94243,-92.32044,234.7,2/1/2019,0,-1.1,0,0,0,0,0,8.3,-5.6,3.3
USC00231801,"COLUMBIA U OF M, MO US",38.94243,-92.32044,234.7,2/2/2019,0,0,0,0,0,0,0,16.1,1.7,11.1
USC00231801,"COLUMBIA U OF M, MO US",38.94243,-92.32044,234.7,2/3/2019,0,0,0,0,0,3.9,1.7,19.4,10.6,15.6
USC00231801,"COLUMBIA U OF M, MO US",38.94243,-92.32044,234.7,2/4/2019,0,1.1,1.7,0,0,6.1,4.4,16.1,-2.8,-2.8
USC00231801,"COLUMBIA U OF M, MO US",38.94243,-92.32044,234.7,2/5/2019,0,0.6,1.1,0,0,1.1,1.7,1.1,-5,-1.1
USC00231801,"COLUMBIA U OF M, MO US",38.94243,-92.32044,234.7,2/6/2019,10.4,0.6,0.6,0,0,1.7,1.7,0,-1.7,0
USC00231801,"COLUMBIA U OF M, MO US",38.94243,-92.32044,234.7,2/7/2019,19.3,0.6,1.1,0,0,1.1,1.7,0.6,-11.1,-11.1
USC00231801,"COLUMBIA U OF M, MO US",38.94243,-92.32044,234.7,2/8/2019,0.3,0.6,0.6,0,0,0.6,1.1,-7.8,-13.3,-10.6
USC00231801,"COLUMBIA U OF M, MO US",38.94243,-92.32044,234.7,2/9/2019,0,0,0.6,0,0,0.6,0.6,-1.1,-12.2,-2.8
USC00231801,"COLUMBIA U OF M, MO US",38.94243,-92.32044,234.7,2/10/2019,0.8,0,0.6,0,0,0.6,0.6,1.7,-3.3,0.6
USC00231801,"COLUMBIA U OF M, MO US",38.94243,-92.32044,234.7,2/11/2019,4.1,0.6,0.6,0,0,0.6,0.6,2.2,0,1.7
USC00231801,"COLUMBIA U OF M, MO US",38.94243,-92.32044,234.7,2/12/2019,7.6,0.6,0.6,0,0,1.7,1.1,3.3,-1.7,-1.7
USC00231801,"COLUMBIA U OF M, MO US",38.94243,-92.32044,234.7,2/13/2019,0,0.6,0.6,0,0,1.7,1.7,8.3,-4.4,7.2
USC00231801,"COLUMBIA U OF M, MO US",38.94243,-92.32044,234.7,2/14/2019,0,0.6,1.1,0,0,6.7,4.4,15.6,-3.9,-3.9
USC00231801,"COLUMBIA U OF M, MO US",38.94243,-92.32044,234.7,2/15/2019,0,0.6,1.1,0,0,2.2,2.8,-3.9,-8.9,-8.3
USC00231801,"COLUMBIA U OF M, MO US",38.94243,-92.32044,234.7,2/16/2019,6.9,0.6,1.1,81,76,0.6,1.1,-1.7,-11.1,-2.2
USC00231801,"COLUMBIA U OF M, MO US",38.94243,-92.32044,234.7,2/17/2019,1.3,0.6,1.1,0,76,0.6,1.1,-1.7,-3.9,-3.3
USC00231801,"COLUMBIA U OF M, MO US",38.94243,-92.32044,234.7,2/18/2019,0,0.6,1.1,0,76,0.6,1.1,-1.7,-6.1,-4.4
USC00231801,"COLUMBIA U OF M, MO US",38.94243,-92.32044,234.7,2/19/2019,0,0.6,1.1,0,51,0.6,1.1,0,-5.6,-1.1
USC00231801,"COLUMBIA U OF M, MO US",38.94243,-92.32044,234.7,2/20/2019,5.3,0.6,1.1,10,51,0.6,1.1,2.8,-1.1,0
USC00231801,"COLUMBIA U OF M, MO US",38.94243,-92.32044,234.7,2/21/2019,0,0.6,1.1,0,25,1.1,1.1,3.3,-1.7,0
USC00231801,"COLUMBIA U OF M, MO US",38.94243,-92.32044,234.7,2/22/2019,0,0.6,1.1,0,0,1.1,1.1,5.6,-1.7,2.8
USC00231801,"COLUMBIA U OF M, MO US",38.94243,-92.32044,234.7,2/23/2019,2.3,1.1,1.1,0,0,5,3.9,14.4,1.1,1.1
USC00231801,"COLUMBIA U OF M, MO US",38.94243,-92.32044,234.7,2/24/2019,2.5,1.1,2.2,0,0,6.1,4.4,2.2,-5.6,-5.6
USC00231801,"COLUMBIA U OF M, MO US",38.94243,-92.32044,234.7,2/25/2019,0,0.6,1.1,0,0,3.3,2.8,6.1,-8.9,-1.7
USC00231801,"COLUMBIA U OF M, MO US",38.94243,-92.32044,234.7,2/26/2019,0,0.6,1.1,0,0,5.6,3.9,10.6,-4.4,3.3
USC00231801,"COLUMBIA U OF M, MO US",38.94243,-92.32044,234.7,2/27/2019,0,0.6,1.7,0,0,3.3,3.3,3.3,-6.1,-6.1
USC00231801,"COLUMBIA U OF M, MO US",38.94243,-92.32044,234.7,2/28/2019,0,0.6,1.1,0,0,0.6,1.7,-2.8,-8.3,-3.9
USC00231801,"COLUMBIA U OF M, MO US",38.94243,-92.32044,234.7,3/1/2019,0,0,1.1,0,0,1.1,2.2,3.9,-3.9,0.6
USC00231801,"COLUMBIA U OF M, MO US",38.94243,-92.32044,234.7,3/2/2019,0,0.6,1.1,0,0,3.3,2.2,0.6,-4.4,-3.9
USC00231801,"COLUMBIA U OF M, MO US",38.94243,-92.32044,234.7,3/3/2019,3,0.6,1.1,38,51,0.6,1.1,-3.9,-15.6,-15.6
USC00231801,"COLUMBIA U OF M, MO US",38.94243,-92.32044,234.7,3/4/2019,3,0.6,0.6,23,51,0.6,1.1,-8.9,-17.8,-12.2
USC00231801,"COLUMBIA U OF M, MO US",38.94243,-92.32044,234.7,3/5/2019,0,0,0.6,0,51,0.6,0.6,-4.4,-12.8,-9.4
USC00231801,"COLUMBIA U OF M, MO US",38.94243,-92.32044,234.7,3/6/2019,0,0,0.6,0,25,0,0.6,1.1,-11.1,-1.1
USC00231801,"COLUMBIA U OF M, MO US",38.94243,-92.32044,234.7,3/7/2019,0,0,0.6,0,0,0,0.6,5.6,-1.1,0.6
USC00231801,"COLUMBIA U OF M, MO US",38.94243,-92.32044,234.7,3/8/2019,0,0,0.6,0,0,5.6,3.9,7.8,0,3.9
USC00231801,"COLUMBIA U OF M, MO US",38.94243,-92.32044,234.7,3/9/2019,17.8,2.2,2.2,0,0,7.8,5.6,15.6,2.2,2.2
USC00231801,"COLUMBIA U OF M, MO US",38.94243,-92.32044,234.7,3/10/2019,7.4,1.7,2.8,0,0,9.4,6.7,7.8,-0.6,1.7
USC00231801,"COLUMBIA U OF M, MO US",38.94243,-92.32044,234.7,3/11/2019,0,1.7,2.2,0,0,14.4,8.9,11.7,1.1,5
USC00231801,"COLUMBIA U OF M, MO US",38.94243,-92.32044,234.7,3/12/2019,0,2.2,3.3,0,0,7.8,6.7,12.2,3.3,10.6
USC00231801,"COLUMBIA U OF M, MO US",38.94243,-92.32044,234.7,3/13/2019,25.9,6.7,6.7,0,0,10.6,8.9,17.8,9.4,13.3
USC00231801,"COLUMBIA U OF M, MO US",38.94243,-92.32044,234.7,3/14/2019,3.6,5,6.1,0,0,8.9,8.3,15.6,3.9,3.9
USC00231801,"COLUMBIA U OF M, MO US",38.94243,-92.32044,234.7,3/15/2019,0,2.8,4.4,0,0,13.9,8.9,9.4,1.7,2.8
USC00231801,"COLUMBIA U OF M, MO US",38.94243,-92.32044,234.7,3/16/2019,0,1.1,2.8,0,0,15.6,10.6,12.8,-2.2,8.3
USC00231801,"COLUMBIA U OF M, MO US",38.94243,-92.32044,234.7,3/17/2019,0,2.8,4.4,0,0,13.9,10,10,1.1,5.6
USC00231801,"COLUMBIA U OF M, MO US",38.94243,-92.32044,234.7,3/18/2019,0,1.7,3.9,0,0,17.8,11.7,11.1,0.6,3.3
USC00231801,"COLUMBIA U OF M, MO US",38.94243,-92.32044,234.7,3/19/2019,0,2.8,4.4,0,0,9.4,8.3,12.8,2.8,11.1
USC00231801,"COLUMBIA U OF M, MO US",38.94243,-92.32044,234.7,3/20/2019,2.8,6.1,6.7,0,0,12.2,9.4,12.8,6.1,8.9
USC00231801,"COLUMBIA U OF M, MO US",38.94243,-92.32044,234.7,3/21/2019,0,3.3,5,0,0,18.3,12.2,13.3,2.8,6.7
USC00231801,"COLUMBIA U OF M, MO US",38.94243,-92.32044,234.7,3/22/2019,0,3.3,5,0,0,20.6,13.9,18.3,3.3,8.9
USC00231801,"COLUMBIA U OF M, MO US",38.94243,-92.32044,234.7,3/23/2019,0,4.4,6.1,0,0,13.9,11.1,16.1,5.6,10
USC00231801,"COLUMBIA U OF M, MO US",38.94243,-92.32044,234.7,3/24/2019,0.8,7.8,8.3,0,0,16.1,13.3,18.3,9.4,10.6
USC00231801,"COLUMBIA U OF M, MO US",38.94243,-92.32044,234.7,3/25/2019,0.5,7.8,9.4,0,0,17.2,13.3,13.9,6.1,7.8
USC00231801,"COLUMBIA U OF M, MO US",38.94243,-92.32044,234.7,3/26/2019,0,5,7.2,0,0,18.9,14.4,13.3,3.3,6.7
USC00231801,"COLUMBIA U OF M, MO US",38.94243,-92.32044,234.7,3/27/2019,0,4.4,6.1,0,0,18.9,13.9,21.1,4.4,15.6
USC00231801,"COLUMBIA U OF M, MO US",38.94243,-92.32044,234.7,3/28/2019,0,8.9,9.4,0,0,16.1,12.8,19.4,12.8,13.3
USC00231801,"COLUMBIA U OF M, MO US",38.94243,-92.32044,234.7,3/29/2019,23.9,11.1,11.1,0,0,14.4,12.8,15,9.4,10
USC00231801,"COLUMBIA U OF M, MO US",38.94243,-92.32044,234.7,3/30/2019,16,6.1,7.8,0,0,12.2,12.2,10,1.1,1.1
USC00231801,"COLUMBIA U OF M, MO US",38.94243,-92.32044,234.7,3/31/2019,5.6,3.3,5.6,0,0,17.8,13.3,6.7,-2.2,1.1
USC00231801,"COLUMBIA U OF M, MO US",38.94243,-92.32044,234.7,4/1/2019,0,2.2,4.4,0,0,16.7,12.2,12.2,-0.6,6.7
USC00231801,"COLUMBIA U OF M, MO US",38.94243,-92.32044,234.7,4/2/2019,0,3.9,5.6,0,0,18.9,13.3,15.6,3.3,8.9
USC00231801,"COLUMBIA U OF M, MO US",38.94243,-92.32044,234.7,4/3/2019,0,7.2,8.3,0,0,16.1,13.3,18.9,7.2,13.9
USC00231801,"COLUMBIA U OF M, MO US",38.94243,-92.32044,234.7,4/4/2019,10.4,9.4,10,0,0,11.1,10.6,13.9,8.9,8.9
USC00231801,"COLUMBIA U OF M, MO US",38.94243,-92.32044,234.7,4/5/2019,7.1,9.4,10,0,0,13.3,12.2,12.2,7.8,8.9
USC00231801,"COLUMBIA U OF M, MO US",38.94243,-92.32044,234.7,4/6/2019,0,7.8,8.9,0,0,22.8,17.2,22.2,7.8,16.7
USC00231801,"COLUMBIA U OF M, MO US",38.94243,-92.32044,234.7,4/7/2019,0,12.8,12.8,0,0,24.4,19.4,26.7,15.6,17.2
USC00231801,"COLUMBIA U OF M, MO US",38.94243,-92.32044,234.7,4/8/2019,0,12.8,13.3,0,0,26.1,20,25,13.3,16.7
USC00231801,"COLUMBIA U OF M, MO US",38.94243,-92.32044,234.7,4/9/2019,0,11.1,12.2,0,0,24.4,19.4,23.9,13.3,16.7
USC00231801,"COLUMBIA U OF M, MO US",38.94243,-92.32044,234.7,4/10/2019,0,10.6,12.2,0,0,21.7,18.3,30,13.3,22.2
USC00231801,"COLUMBIA U OF M, MO US",38.94243,-92.32044,234.7,4/11/2019,0,7.8,10.6,0,0,16.7,15.6,22.8,6.1,6.1
USC00231801,"COLUMBIA U OF M, MO US",38.94243,-92.32044,234.7,4/12/2019,0,4.4,7.2,0,0,21.1,15.6,13.9,2.2,8.9
USC00231801,"COLUMBIA U OF M, MO US",38.94243,-92.32044,234.7,4/13/2019,0,5.6,7.8,0,0,20,15,13.9,3.9,7.8
USC00231801,"COLUMBIA U OF M, MO US",38.94243,-92.32044,234.7,4/14/2019,10.4,4.4,7.2,0,0,20,14.4,12.8,0.6,4.4
USC00231801,"COLUMBIA U OF M, MO US",38.94243,-92.32044,234.7,4/15/2019,2.8,5,7.2,0,0,22.2,17.2,23.9,1.7,16.7
USC00231801,"COLUMBIA U OF M, MO US",38.94243,-92.32044,234.7,4/16/2019,0,10.6,11.1,0,0,26.1,20,28.9,13.9,20.6
USC00231801,"COLUMBIA U OF M, MO US",38.94243,-92.32044,234.7,4/17/2019,0,14.4,14.4,0,0,25,20,25.6,17.2,17.2
USC00231801,"COLUMBIA U OF M, MO US",38.94243,-92.32044,234.7,4/18/2019,17,10.6,12.2,0,0,17.2,16.7,18.3,9.4,10
USC00231801,"COLUMBIA U OF M, MO US",38.94243,-92.32044,234.7,4/19/2019,0,8.3,10,0,0,20.6,16.1,16.1,6.7,10
USC00231801,"COLUMBIA U OF M, MO US",38.94243,-92.32044,234.7,4/20/2019,0,6.1,8.9,0,0,25.6,18.9,21.1,3.9,13.3
USC00231801,"COLUMBIA U OF M, MO US",38.94243,-92.32044,234.7,4/21/2019,0,9.4,11.1,0,0,26.1,20,28.3,11.7,22.2
USC00231801,"COLUMBIA U OF M, MO US",38.94243,-92.32044,234.7,4/22/2019,0,14.4,15,0,0,25,19.4,25,16.1,16.1
USC00231801,"COLUMBIA U OF M, MO US",38.94243,-92.32044,234.7,4/23/2019,0,13.3,14.4,0,0,18.3,16.7,16.7,11.7,12.2
USC00231801,"COLUMBIA U OF M, MO US",38.94243,-92.32044,234.7,4/24/2019,2.8,13.3,13.9,0,0,20,17.2,17.8,12.2,14.4
USC00231801,"COLUMBIA U OF M, MO US",38.94243,-92.32044,234.7,4/25/2019,0,12.8,14.4,0,0,22.2,18.9,21.7,10,10
USC00231801,"COLUMBIA U OF M, MO US",38.94243,-92.32044,234.7,4/26/2019,0.8,10,11.7,0,0,26.1,20,19.4,8.9,13.3
USC00231801,"COLUMBIA U OF M, MO US",38.94243,-92.32044,234.7,4/27/2019,0,12.2,13.3,0,0,23.3,18.9,26.1,5.6,5.6
USC00231801,"COLUMBIA U OF M, MO US",38.94243,-92.32044,234.7,4/28/2019,0.5,9.4,11.7,0,0,19.4,16.7,15,3.9,11.7
USC00231801,"COLUMBIA U OF M, MO US",38.94243,-92.32044,234.7,4/29/2019,5.3,11.7,12.2,0,0,22.2,17.8,20,11.1,13.3
USC00231801,"COLUMBIA U OF M, MO US",38.94243,-92.32044,234.7,4/30/2019,0.5,13.3,13.9,0,0,17.8,16.1,18.3,12.8,15.6
USC00231801,"COLUMBIA U OF M, MO US",38.94243,-92.32044,234.7,5/1/2019,67.3,15,15,0,0,21.7,19.4,23.3,15,18.9
USC00231801,"COLUMBIA U OF M, MO US",38.94243,-92.32044,234.7,5/2/2019,2.8,15,15.6,0,0,18.9,17.8,18.9,12.8,13.9
USC00231801,"COLUMBIA U OF M, MO US",38.94243,-92.32044,234.7,5/3/2019,1,13.3,14.4,0,0,16.7,16.1,15,11.7,11.7
USC00231801,"COLUMBIA U OF M, MO US",38.94243,-92.32044,234.7,5/4/2019,0.5,11.1,12.8,0,0,25,20.6,20,8.3,10
USC00231801,"COLUMBIA U OF M, MO US",38.94243,-92.32044,234.7,5/5/2019,0,10.6,12.8,0,0,27.2,21.7,23.3,7.2,16.1
USC00231801,"COLUMBIA U OF M, MO US",38.94243,-92.32044,234.7,5/6/2019,0,13.9,15,0,0,27.8,22.2,25.6,14.4,17.2
USC00231801,"COLUMBIA U OF M, MO US",38.94243,-92.32044,234.7,5/7/2019,1.5,16.1,16.7,0,0,24.4,21.1,22.8,14.4,14.4
USC00231801,"COLUMBIA U OF M, MO US",38.94243,-92.32044,234.7,5/8/2019,11.9,15.6,16.7,0,0,21.1,19.4,22.8,13.9,17.2
USC00231801,"COLUMBIA U OF M, MO US",38.94243,-92.32044,234.7,5/9/2019,1.5,12.2,13.9,0,0,17.2,17.8,17.2,8.9,8.9
USC00231801,"COLUMBIA U OF M, MO US",38.94243,-92.32044,234.7,5/10/2019,0,10.6,12.2,0,0,22.2,18.3,16.1,7.2,10.6
USC00231801,"COLUMBIA U OF M, MO US",38.94243,-92.32044,234.7,5/11/2019,3.8,11.7,12.8,0,0,16.7,15.6,12.8,8.9,10
USC00231801,"COLUMBIA U OF M, MO US",38.94243,-92.32044,234.7,5/12/2019,4.8,10.6,12.2,0,0,17.8,16.7,15,7.2,10
USC00231801,"COLUMBIA U OF M, MO US",38.94243,-92.32044,234.7,5/13/2019,0.8,9.4,11.7,0,0,26.1,20.6,18.9,5.6,10
USC00231801,"COLUMBIA U OF M, MO US",38.94243,-92.32044,234.7,5/14/2019,0,11.1,12.8,0,0,25,21.1,26.1,9.4,18.9
USC00231801,"COLUMBIA U OF M, MO US",38.94243,-92.32044,234.7,5/15/2019,0.3,15.6,16.1,0,0,27.2,25.6,28.9,15.6,20
USC00231801,"COLUMBIA U OF M, MO US",38.94243,-92.32044,234.7,5/16/2019,0,17.2,17.8,0,0,27.8,26.1,31.1,17.8,23.3
USC00231801,"COLUMBIA U OF M, MO US",38.94243,-92.32044,234.7,5/17/2019,0,18.3,18.3,0,0,28.9,27.2,30,20,22.2
USC00231801,"COLUMBIA U OF M, MO US",38.94243,-92.32044,234.7,5/18/2019,0,18.9,18.9,0,0,23.9,23.3,27.8,16.7,16.7
USC00231801,"COLUMBIA U OF M, MO US",38.94243,-92.32044,234.7,5/19/2019,8.1,16.1,16.7,0,0,22.8,21.7,21.1,13.9,13.9
USC00231801,"COLUMBIA U OF M, MO US",38.94243,-92.32044,234.7,5/20/2019,0,13.3,14.4,0,0,22.8,21.7,17.8,8.9,9.4
USC00231801,"COLUMBIA U OF M, MO US",38.94243,-92.32044,234.7,5/21/2019,45.5,14.4,15,0,0,16.7,16.7,17.2,8.9,13.3
USC00231801,"COLUMBIA U OF M, MO US",38.94243,-92.32044,234.7,5/22/2019,18.3,15,15,0,0,25,23.9,29.4,13.3,19.4
USC00231801,"COLUMBIA U OF M, MO US",38.94243,-92.32044,234.7,5/23/2019,16.8,18.9,18.9,0,0,26.1,25,26.1,16.7,22.2
USC00231801,"COLUMBIA U OF M, MO US",38.94243,-92.32044,234.7,5/24/2019,0,20,20,0,0,27.8,26.7,30.6,18.9,18.9
USC00231801,"COLUMBIA U OF M, MO US",38.94243,-92.32044,234.7,5/25/2019,2.3,20,20.6,0,0,28.9,27.2,30,18.3,23.3
USC00231801,"COLUMBIA U OF M, MO US",38.94243,-92.32044,234.7,5/26/2019,1.8,20.6,21.1,0,0,28.3,27.2,27.8,18.3,21.1
USC00231801,"COLUMBIA U OF M, MO US",38.94243,-92.32044,234.7,5/27/2019,0,20.6,21.1,0,0,27.2,26.1,29.4,20,25
USC00231801,"COLUMBIA U OF M, MO US",38.94243,-92.32044,234.7,5/28/2019,1,21.1,21.7,0,0,28.3,27.2,28.9,19.4,19.4
USC00231801,"COLUMBIA U OF M, MO US",38.94243,-92.32044,234.7,5/29/2019,0.5,20,20.6,0,0,26.7,26.1,27.2,17.8,17.8
USC00231801,"COLUMBIA U OF M, MO US",38.94243,-92.32044,234.7,5/30/2019,0.8,18.3,18.9,0,0,26.1,25,23.3,16.1,18.3
USC00231801,"COLUMBIA U OF M, MO US",38.94243,-92.32044,234.7,5/31/2019,0,17.8,18.3,0,0,29.4,27.2,26.7,15,18.9
USC00231801,"COLUMBIA U OF M, MO US",38.94243,-92.32044,234.7,6/1/2019,0,18.3,18.9,0,0,31.7,30,30.6,16.7,21.7
USC00231801,"COLUMBIA U OF M, MO US",38.94243,-92.32044,234.7,6/2/2019,0,19.4,20,0,0,31.1,29.4,25.6,16.7,16.7
USC00231801,"COLUMBIA U OF M, MO US",38.94243,-92.32044,234.7,6/3/2019,0,17.8,18.9,0,0,28.3,27.2,26.7,14.4,19.4
USC00231801,"COLUMBIA U OF M, MO US",38.94243,-92.32044,234.7,6/4/2019,0,20,20.6,0,0,31.1,29.4,28.9,18.9,21.7
USC00231801,"COLUMBIA U OF M, MO US",38.94243,-92.32044,234.7,6/5/2019,0.5,21.7,21.7,0,0,35,32.8,32.8,18.9,18.9
USC00231801,"COLUMBIA U OF M, MO US",38.94243,-92.32044,234.7,6/6/2019,28.4,21.7,22.2,0,0,28.9,28.3,28.9,18.3,22.8
USC00231801,"COLUMBIA U OF M, MO US",38.94243,-92.32044,234.7,6/7/2019,0,21.7,21.7,0,0,28.9,27.8,29.4,20.6,21.1
USC00231801,"COLUMBIA U OF M, MO US",38.94243,-92.32044,234.7,6/8/2019,0,19.4,20,0,0,29.4,28.3,28.9,17.8,20.6
USC00231801,"COLUMBIA U OF M, MO US",38.94243,-92.32044,234.7,6/9/2019,0,20.6,21.1,0,0,31.7,30,30,19.4,19.4
USC00231801,"COLUMBIA U OF M, MO US",38.94243,-92.32044,234.7,6/10/2019,0,18.9,20,0,0,31.7,30,25,15.6,16.7
USC00231801,"COLUMBIA U OF M, MO US",38.94243,-92.32044,234.7,6/11/2019,0,18.3,18.9,0,0,32.2,30.6,26.1,12.8,18.9
USC00231801,"COLUMBIA U OF M, MO US",38.94243,-92.32044,234.7,6/12/2019,2,17.8,18.9,0,0,24.4,23.9,22.2,13.9,14.4
USC00231801,"COLUMBIA U OF M, MO US",38.94243,-92.32044,234.7,6/13/2019,9.4,15,16.1,0,0,26.7,25.6,23.3,11.7,16.1
USC00231801,"COLUMBIA U OF M, MO US",38.94243,-92.32044,234.7,6/14/2019,0,16.1,17.2,0,0,22.2,21.7,23.9,13.9,21.1
USC00231801,"COLUMBIA U OF M, MO US",38.94243,-92.32044,234.7,6/15/2019,1,18.9,19.4,0,0,28.3,27.2,30.6,20,24.4
USC00231801,"COLUMBIA U OF M, MO US",38.94243,-92.32044,234.7,6/16/2019,0.5,21.1,21.7,0,0,28.9,27.8,28.3,18.9,21.7
USC00231801,"COLUMBIA U OF M, MO US",38.94243,-92.32044,234.7,6/17/2019,19.1,21.1,21.1,0,0,23.3,23.3,22.8,18.3,19.4
USC00231801,"COLUMBIA U OF M, MO US",38.94243,-92.32044,234.7,6/18/2019,3,20,20,0,0,26.7,26.1,27.2,17.8,21.7
USC00231801,"COLUMBIA U OF M, MO US",38.94243,-92.32044,234.7,6/19/2019,0,21.7,21.7,0,0,25.6,25,25.6,19.4,19.4
USC00231801,"COLUMBIA U OF M, MO US",38.94243,-92.32044,234.7,6/20/2019,1.3,19.4,20,0,0,30,28.3,27.2,17.8,22.2
USC00231801,"COLUMBIA U OF M, MO US",38.94243,-92.32044,234.7,6/21/2019,0,21.1,21.1,0,0,22.2,22.8,23.3,18.3,20.6
USC00231801,"COLUMBIA U OF M, MO US",38.94243,-92.32044,234.7,6/22/2019,44.5,20.6,21.1,0,0,27.2,26.1,30,19.4,25.6
USC00231801,"COLUMBIA U OF M, MO US",38.94243,-92.32044,234.7,6/23/2019,27.9,21.1,21.7,0,0,23.9,23.9,26.1,18.9,20
USC00231801,"COLUMBIA U OF M, MO US",38.94243,-92.32044,234.7,6/24/2019,10.7,20.6,21.1,0,0,26.7,26.1,26.1,19.4,19.4
USC00231801,"COLUMBIA U OF M, MO US",38.94243,-92.32044,234.7,6/25/2019,0,18.3,18.9,0,0,28.9,27.8,31.7,16.7,23.3
USC00231801,"COLUMBIA U OF M, MO US",38.94243,-92.32044,234.7,6/26/2019,0,21.7,21.7,0,0,29.4,28.3,31.1,22.2,22.2
USC00231801,"COLUMBIA U OF M, MO US",38.94243,-92.32044,234.7,6/27/2019,0,21.7,22.2,0,0,32.2,31.1,32.8,20,25.6
USC00231801,"COLUMBIA U OF M, MO US",38.94243,-92.32044,234.7,6/28/2019,0,23.9,23.9,0,0,33.3,31.7,33.3,23.3,23.3
USC00231801,"COLUMBIA U OF M, MO US",38.94243,-92.32044,234.7,6/29/2019,0,23.3,23.9,0,0,35,33.3,33.9,22.2,24.4
USC00231801,"COLUMBIA U OF M, MO US",38.94243,-92.32044,234.7,6/30/2019,0,23.9,24.4,0,0,35.6,33.9,33.3,22.8,25.6
USC00231801,"COLUMBIA U OF M, MO US",38.94243,-92.32044,234.7,7/1/2019,0,25,25.6,0,0,35.6,33.9,33.3,23.3,26.1
USC00231801,"COLUMBIA U OF M, MO US",38.94243,-92.32044,234.7,7/2/2019,0,25.6,26.1,0,0,34.4,33.3,32.8,23.3,25.6
USC00231801,"COLUMBIA U OF M, MO US",38.94243,-92.32044,234.7,7/3/2019,0,25.6,25.6,0,0,35.6,34.4,32.8,23.3,23.9
USC00231801,"COLUMBIA U OF M, MO US",38.94243,-92.32044,234.7,7/4/2019,0,24.4,25,0,0,31.1,30.6,30.6,21.1,22.8
USC00231801,"COLUMBIA U OF M, MO US",38.94243,-92.32044,234.7,7/5/2019,27.7,23.9,23.9,0,0,28.3,27.8,26.7,21.7,22.2
USC00231801,"COLUMBIA U OF M, MO US",38.94243,-92.32044,234.7,7/6/2019,0,23.3,23.9,0,0,30.6,29.4,31.1,21.7,25
USC00231801,"COLUMBIA U OF M, MO US",38.94243,-92.32044,234.7,7/7/2019,0,23.3,23.9,0,0,31.1,30,31.1,21.7,23.3
USC00231801,"COLUMBIA U OF M, MO US",38.94243,-92.32044,234.7,7/8/2019,0,22.8,23.3,0,0,31.7,31.1,30,21.1,23.3
USC00231801,"COLUMBIA U OF M, MO US",38.94243,-92.32044,234.7,7/9/2019,1.5,23.9,24.4,0,0,33.3,32.2,33.3,22.2,27.8
USC00231801,"COLUMBIA U OF M, MO US",38.94243,-92.32044,234.7,7/10/2019,0,25.6,26.1,0,0,31.7,30.6,32.8,23.9,23.9
USC00231801,"COLUMBIA U OF M, MO US",38.94243,-92.32044,234.7,7/11/2019,0.5,22.8,23.9,0,0,31.7,30.6,28.9,20.6,22.2
USC00231801,"COLUMBIA U OF M, MO US",38.94243,-92.32044,234.7,7/12/2019,0,22.8,23.3,0,0,33.3,32.2,31.1,19.4,22.8
USC00231801,"COLUMBIA U OF M, MO US",38.94243,-92.32044,234.7,7/13/2019,0,23.3,23.9,0,0,34.4,33.3,32.2,19.4,23.9
USC00231801,"COLUMBIA U OF M, MO US",38.94243,-92.32044,234.7,7/14/2019,0,24.4,25,0,0,34.4,33.3,31.7,22.2,22.8
USC00231801,"COLUMBIA U OF M, MO US",38.94243,-92.32044,234.7,7/15/2019,0,24.4,25,0,0,28.9,28.3,26.1,19.4,22.8
USC00231801,"COLUMBIA U OF M, MO US",38.94243,-92.32044,234.7,7/16/2019,0.5,24.4,24.4,0,0,30,29.4,30.6,22.8,24.4
USC00231801,"COLUMBIA U OF M, MO US",38.94243,-92.32044,234.7,7/17/2019,1.3,23.9,24.4,0,0,33.9,32.8,35,22.2,23.3
USC00231801,"COLUMBIA U OF M, MO US",38.94243,-92.32044,234.7,7/18/2019,0,25,25,0,0,35,33.9,35,23.3,28.3
USC00231801,"COLUMBIA U OF M, MO US",38.94243,-92.32044,234.7,7/19/2019,0,26.1,26.7,0,0,36.1,35,35.6,25.6,28.3
USC00231801,"COLUMBIA U OF M, MO US",38.94243,-92.32044,234.7,7/20/2019,0,26.7,27.2,0,0,36.7,35.6,35,21.7,22.2
USC00231801,"COLUMBIA U OF M, MO US",38.94243,-92.32044,234.7,7/21/2019,16.3,25,25.6,0,0,32.8,31.7,31.1,21.7,22.8
USC00231801,"COLUMBIA U OF M, MO US",38.94243,-92.32044,234.7,7/22/2019,20.1,23.9,25,0,0,31.1,30,28.3,20,20.6
USC00231801,"COLUMBIA U OF M, MO US",38.94243,-92.32044,234.7,7/23/2019,0,21.7,22.2,0,0,30.6,29.4,26.7,17.2,18.9
USC00231801,"COLUMBIA U OF M, MO US",38.94243,-92.32044,234.7,7/24/2019,0,21.1,22.2,0,0,30.6,29.4,28.3,16.7,20
USC00231801,"COLUMBIA U OF M, MO US",38.94243,-92.32044,234.7,7/25/2019,0,21.7,22.2,0,0,31.1,30,29.4,17.2,22.2
USC00231801,"COLUMBIA U OF M, MO US",38.94243,-92.32044,234.7,7/26/2019,0,23.3,23.9,0,0,31.7,30.6,29.4,21.1,22.2
USC00231801,"COLUMBIA U OF M, MO US",38.94243,-92.32044,234.7,7/27/2019,0,22.8,23.3,0,0,32.2,31.1,30.6,19.4,23.9
USC00231801,"COLUMBIA U OF M, MO US",38.94243,-92.32044,234.7,7/28/2019,0,23.9,23.9,0,0,32.2,31.1,32.2,20.6,25.6
USC00231801,"COLUMBIA U OF M, MO US",38.94243,-92.32044,234.7,7/29/2019,26.4,24.4,25,0,0,30.6,29.4,30.6,21.1,21.1
USC00231801,"COLUMBIA U OF M, MO US",38.94243,-92.32044,234.7,7/30/2019,0,21.7,22.2,0,0,30.6,29.4,28.3,18.9,20
USC00231801,"COLUMBIA U OF M, MO US",38.94243,-92.32044,234.7,7/31/2019,0,21.7,22.2,0,0,28.9,28.3,27.8,18.9,20.6
USC00231801,"COLUMBIA U OF M, MO US",38.94243,-92.32044,234.7,8/1/2019,3.6,21.7,22.2,0,0,29.4,28.3,28.3,18.9,18.9
USC00231801,"COLUMBIA U OF M, MO US",38.94243,-92.32044,234.7,8/2/2019,0,20,20.6,0,0,30.6,29.4,28.3,16.7,20.6
USC00231801,"COLUMBIA U OF M, MO US",38.94243,-92.32044,234.7,8/3/2019,0,21.7,22.2,0,0,31.7,30,30,19.4,22.8
USC00231801,"COLUMBIA U OF M, MO US",38.94243,-92.32044,234.7,8/4/2019,0,22.2,22.8,0,0,33.9,31.7,30,20,22.2
USC00231801,"COLUMBIA U OF M, MO US",38.94243,-92.32044,234.7,8/5/2019,0,22.8,23.3,0,0,33.9,32.2,31.1,18.3,25.6
USC00231801,"COLUMBIA U OF M, MO US",38.94243,-92.32044,234.7,8/6/2019,0,25,25,0,0,35,32.8,32.2,21.7,21.7
USC00231801,"COLUMBIA U OF M, MO US",38.94243,-92.32044,234.7,8/7/2019,0,23.3,23.9,0,0,31.1,29.4,28.9,18.3,22.8
USC00231801,"COLUMBIA U OF M, MO US",38.94243,-92.32044,234.7,8/8/2019,0,22.8,23.3,0,0,31.7,30,29.4,20.6,23.3
USC00231801,"COLUMBIA U OF M, MO US",38.94243,-92.32044,234.7,8/9/2019,0,23.3,23.9,0,0,33.9,32.2,30.6,21.1,22.8
USC00231801,"COLUMBIA U OF M, MO US",38.94243,-92.32044,234.7,8/10/2019,0,23.9,24.4,0,0,33.3,31.7,32.8,21.1,25.6
USC00231801,"COLUMBIA U OF M, MO US",38.94243,-92.32044,234.7,8/11/2019,0,25,24.4,0,0,28.3,27.2,28.3,22.2,25
USC00231801,"COLUMBIA U OF M, MO US",38.94243,-92.32044,234.7,8/12/2019,43.9,24.4,24.4,0,0,31.7,30.6,35.6,22.2,26.7
USC00231801,"COLUMBIA U OF M, MO US",38.94243,-92.32044,234.7,8/13/2019,3,25,25.6,0,0,31.7,30.6,31.7,22.8,23.9
USC00231801,"COLUMBIA U OF M, MO US",38.94243,-92.32044,234.7,8/14/2019,0,22.8,23.3,0,0,30.6,29.4,30,20.6,20.6
USC00231801,"COLUMBIA U OF M, MO US",38.94243,-92.32044,234.7,8/15/2019,0,21.1,22.2,0,0,31.1,29.4,28.3,17.8,21.1
USC00231801,"COLUMBIA U OF M, MO US",38.94243,-92.32044,234.7,8/16/2019,2.8,22.8,23.3,0,0,28.3,27.2,28.9,20.6,22.8
USC00231801,"COLUMBIA U OF M, MO US",38.94243,-92.32044,234.7,8/17/2019,2.3,22.8,23.3,0,0,28.3,27.8,30,20.6,25.6
USC00231801,"COLUMBIA U OF M, MO US",38.94243,-92.32044,234.7,8/18/2019,0.8,23.9,23.9,0,0,29.4,28.3,31.1,21.7,23.9
USC00231801,"COLUMBIA U OF M, MO US",38.94243,-92.32044,234.7,8/19/2019,1,23.3,23.9,0,0,35,32.8,34.4,22.8,27.8
USC00231801,"COLUMBIA U OF M, MO US",38.94243,-92.32044,234.7,8/20/2019,0,25.6,26.1,0,0,33.9,31.7,33.3,23.9,24.4
USC00231801,"COLUMBIA U OF M, MO US",38.94243,-92.32044,234.7,8/21/2019,0,25,25.6,0,0,30.6,29.4,30.6,22.2,22.8
USC00231801,"COLUMBIA U OF M, MO US",38.94243,-92.32044,234.7,8/22/2019,10.4,23.9,24.4,0,0,27.2,26.7,26.1,21.1,21.1
USC00231801,"COLUMBIA U OF M, MO US",38.94243,-92.32044,234.7,8/23/2019,1.8,21.7,22.2,0,0,28.9,27.8,28.3,18.9,19.4
USC00231801,"COLUMBIA U OF M, MO US",38.94243,-92.32044,234.7,8/24/2019,0,20,21.1,0,0,27.8,26.7,25.6,16.7,18.9
USC00231801,"COLUMBIA U OF M, MO US",38.94243,-92.32044,234.7,8/25/2019,1,21.1,21.7,0,0,24.4,24.4,23.9,17.8,21.1
USC00231801,"COLUMBIA U OF M, MO US",38.94243,-92.32044,234.7,8/26/2019,11.2,21.7,22.2,0,0,25,24.4,23.9,19.4,20.6
USC00231801,"COLUMBIA U OF M, MO US",38.94243,-92.32044,234.7,8/27/2019,13,21.1,21.7,0,0,28.3,26.7,27.8,19.4,20
USC00231801,"COLUMBIA U OF M, MO US",38.94243,-92.32044,234.7,8/28/2019,0,18.9,20,0,0,27.8,26.1,27.8,16.1,19.4
USC00231801,"COLUMBIA U OF M, MO US",38.94243,-92.32044,234.7,8/29/2019,0,19.4,20,0,0,28.9,27.8,31.7,18.3,23.9
USC00231801,"COLUMBIA U OF M, MO US",38.94243,-92.32044,234.7,8/30/2019,2.3,18.9,20,0,0,23.3,23.9,23.9,15.6,17.2
USC00231801,"COLUMBIA U OF M, MO US",38.94243,-92.32044,234.7,8/31/2019,36.3,18.9,19.4,0,0,22.8,22.2,22.2,16.7,18.3
USC00231801,"COLUMBIA U OF M, MO US",38.94243,-92.32044,234.7,9/1/2019,0.3,20,20.6,0,0,26.1,25.6,24.4,17.8,18.3
USC00231801,"COLUMBIA U OF M, MO US",38.94243,-92.32044,234.7,9/2/2019,0,19.4,20,0,0,28.3,27.2,29.4,16.1,22.8
USC00231801,"COLUMBIA U OF M, MO US",38.94243,-92.32044,234.7,9/3/2019,0,21.7,22.2,0,0,28.9,27.8,32.2,21.7,26.1
USC00231801,"COLUMBIA U OF M, MO US",38.94243,-92.32044,234.7,9/4/2019,0,21.7,22.8,0,0,28.9,27.8,27.2,17.8,17.8
USC00231801,"COLUMBIA U OF M, MO US",38.94243,-92.32044,234.7,9/5/2019,0,19.4,20,0,0,29.4,28.3,29.4,15,23.3
USC00231801,"COLUMBIA U OF M, MO US",38.94243,-92.32044,234.7,9/6/2019,0,22.2,22.8,0,0,31.1,29.4,30,20,20
USC00231801,"COLUMBIA U OF M, MO US",38.94243,-92.32044,234.7,9/7/2019,0,20.6,21.1,0,0,30.6,28.9,27.8,16.1,21.1
USC00231801,"COLUMBIA U OF M, MO US",38.94243,-92.32044,234.7,9/8/2019,17.8,21.1,21.7,0,0,27.2,26.1,27.2,18.3,21.7
USC00231801,"COLUMBIA U OF M, MO US",38.94243,-92.32044,234.7,9/9/2019,1.3,21.7,22.2,0,0,30,28.9,33.9,21.1,26.7
USC00231801,"COLUMBIA U OF M, MO US",38.94243,-92.32044,234.7,9/10/2019,0,23.3,23.9,0,0,30,28.9,31.1,23.3,25
USC00231801,"COLUMBIA U OF M, MO US",38.94243,-92.32044,234.7,9/11/2019,0,23.3,23.9,0,0,30.6,29.4,32.2,22.8,25
USC00231801,"COLUMBIA U OF M, MO US",38.94243,-92.32044,234.7,9/12/2019,0,23.3,23.9,0,0,31.7,30,32.8,22.8,25.6
USC00231801,"COLUMBIA U OF M, MO US",38.94243,-92.32044,234.7,9/13/2019,0,22.2,22.8,0,0,27.8,26.7,25.6,16.1,16.1
USC00231801,"COLUMBIA U OF M, MO US",38.94243,-92.32044,234.7,9/14/2019,0,19.4,20,0,0,29.4,27.8,30.6,14.4,23.3
USC00231801,"COLUMBIA U OF M, MO US",38.94243,-92.32044,234.7,9/15/2019,0,22.2,22.2,0,0,31.1,29.4,33.3,21.1,24.4
USC00231801,"COLUMBIA U OF M, MO US",38.94243,-92.32044,234.7,9/16/2019,0,22.8,23.3,0,0,32.2,30.6,33.9,21.1,23.3
USC00231801,"COLUMBIA U OF M, MO US",38.94243,-92.32044,234.7,9/17/2019,0,23.3,23.9,0,0,31.1,29.4,33.3,21.7,24.4
USC00231801,"COLUMBIA U OF M, MO US",38.94243,-92.32044,234.7,9/18/2019,0,23.9,23.9,0,0,32.2,30.6,33.9,21.7,24.4
USC00231801,"COLUMBIA U OF M, MO US",38.94243,-92.32044,234.7,9/19/2019,0,23.9,24.4,0,0,31.7,30,33.3,21.1,24.4
USC00231801,"COLUMBIA U OF M, MO US",38.94243,-92.32044,234.7,9/20/2019,0,23.9,23.9,0,0,30.6,29.4,30.6,21.1,23.9
USC00231801,"COLUMBIA U OF M, MO US",38.94243,-92.32044,234.7,9/21/2019,0.5,23.3,23.9,0,0,26.1,25.6,26.7,22.8,23.3
USC00231801,"COLUMBIA U OF M, MO US",38.94243,-92.32044,234.7,9/22/2019,0.5,22.2,22.8,0,0,23.3,23.9,23.9,20.6,20.6
USC00231801,"COLUMBIA U OF M, MO US",38.94243,-92.32044,234.7,9/23/2019,17.5,19.4,20,0,0,27.8,26.7,26.7,15.6,17.8
USC00231801,"COLUMBIA U OF M, MO US",38.94243,-92.32044,234.7,9/24/2019,0,17.8,18.3,0,0,24.4,23.9,24.4,13.9,18.3
USC00231801,"COLUMBIA U OF M, MO US",38.94243,-92.32044,234.7,9/25/2019,1.8,19.4,20,0,0,26.7,25.6,28.9,17.8,20.6
USC00231801,"COLUMBIA U OF M, MO US",38.94243,-92.32044,234.7,9/26/2019,0,17.8,18.9,0,0,26.7,25,24.4,14.4,17.8
USC00231801,"COLUMBIA U OF M, MO US",38.94243,-92.32044,234.7,9/27/2019,0,19.4,19.4,0,0,29.4,27.2,32.8,16.7,25.6
USC00231801,"COLUMBIA U OF M, MO US",38.94243,-92.32044,234.7,9/28/2019,14,21.7,21.7,0,0,27.2,26.1,28.3,18.9,20.6
USC00231801,"COLUMBIA U OF M, MO US",38.94243,-92.32044,234.7,9/29/2019,21.3,21.7,22.2,0,0,28.9,27.8,31.7,20.6,24.4
USC00231801,"COLUMBIA U OF M, MO US",38.94243,-92.32044,234.7,9/30/2019,0,22.2,22.2,0,0,28.9,27.2,31.7,22.8,24.4
USC00231801,"COLUMBIA U OF M, MO US",38.94243,-92.32044,234.7,10/1/2019,0,22.2,22.8,0,0,29.4,27.8,32.2,22.2,24.4
USC00231801,"COLUMBIA U OF M, MO US",38.94243,-92.32044,234.7,10/2/2019,0,22.8,22.8,0,0,27.2,26.7,31.1,22.8,23.9
USC00231801,"COLUMBIA U OF M, MO US",38.94243,-92.32044,234.7,10/3/2019,0.5,17.2,18.3,0,0,23.9,24.4,23.9,11.7,11.7
USC00231801,"COLUMBIA U OF M, MO US",38.94243,-92.32044,234.7,10/4/2019,0,15,16.1,0,0,22.8,21.7,20,8.9,13.9
USC00231801,"COLUMBIA U OF M, MO US",38.94243,-92.32044,234.7,10/5/2019,0,16.1,16.7,0,0,20.6,20,21.7,12.8,16.1
USC00231801,"COLUMBIA U OF M, MO US",38.94243,-92.32044,234.7,10/6/2019,1,14.4,15.6,0,0,20.6,20,21.1,9.4,11.7
USC00231801,"COLUMBIA U OF M, MO US",38.94243,-92.32044,234.7,10/7/2019,2,12.8,13.9,0,0,22.8,20.6,21.7,7.2,10
USC00231801,"COLUMBIA U OF M, MO US",38.94243,-92.32044,234.7,10/8/2019,0,12.2,13.3,0,0,22.8,20.6,22.2,6.1,12.2
USC00231801,"COLUMBIA U OF M, MO US",38.94243,-92.32044,234.7,10/9/2019,0,12.8,13.3,0,0,18.9,18.3,20.6,8.9,17.2
USC00231801,"COLUMBIA U OF M, MO US",38.94243,-92.32044,234.7,10/10/2019,11.2,16.1,16.7,0,0,18.9,18.9,21.1,9.4,9.4
USC00231801,"COLUMBIA U OF M, MO US",38.94243,-92.32044,234.7,10/11/2019,32,8.9,10.6,0,0,17.2,17.8,9.4,2.8,2.8
USC00231801,"COLUMBIA U OF M, MO US",38.94243,-92.32044,234.7,10/12/2019,0.3,6.7,8.3,0,0,16.1,14.4,17.2,0.6,9.4
USC00231801,"COLUMBIA U OF M, MO US",38.94243,-92.32044,234.7,10/13/2019,0,8.3,9.4,0,0,17.8,16.1,18.3,6.1,6.7
USC00231801,"COLUMBIA U OF M, MO US",38.94243,-92.32044,234.7,10/14/2019,0,8.3,9.4,0,0,18.9,16.7,22.2,3.3,13.9
USC00231801,"COLUMBIA U OF M, MO US",38.94243,-92.32044,234.7,10/15/2019,0,11.7,12.8,0,0,17.8,17.2,20.6,8.3,8.3
USC00231801,"COLUMBIA U OF M, MO US",38.94243,-92.32044,234.7,10/16/2019,0,8.9,10,0,0,12.8,13.3,10.6,3.3,3.3
USC00231801,"COLUMBIA U OF M, MO US",38.94243,-92.32044,234.7,10/17/2019,0,7.2,8.3,0,0,17.2,15,17.2,2.2,9.4
USC00231801,"COLUMBIA U OF M, MO US",38.94243,-92.32044,234.7,10/18/2019,0,9.4,10,0,0,17.2,15.6,20.6,7.2,11.7
USC00231801,"COLUMBIA U OF M, MO US",38.94243,-92.32044,234.7,10/19/2019,0,11.1,11.7,0,0,15,14.4,15,8.9,11.7
USC00231801,"COLUMBIA U OF M, MO US",38.94243,-92.32044,234.7,10/20/2019,1.3,12.2,12.8,0,0,18.3,16.7,17.8,7.2,15.6
USC00231801,"COLUMBIA U OF M, MO US",38.94243,-92.32044,234.7,10/21/2019,15.5,11.7,12.2,0,0,16.7,16.1,15.6,11.1,11.1
USC00231801,"COLUMBIA U OF M, MO US",38.94243,-92.32044,234.7,10/22/2019,0,8.9,10,0,0,14.4,13.3,14.4,6.1,6.1
USC00231801,"COLUMBIA U OF M, MO US",38.94243,-92.32044,234.7,10/23/2019,0,7.8,8.9,0,0,15.6,14.4,22.2,5.6,11.7
USC00231801,"COLUMBIA U OF M, MO US",38.94243,-92.32044,234.7,10/24/2019,0,9.4,10.6,0,0,11.7,12.2,11.7,5,7.2
USC00231801,"COLUMBIA U OF M, MO US",38.94243,-92.32044,234.7,10/25/2019,0.5,8.9,9.4,0,0,11.7,11.7,10,5.6,5.6
USC00231801,"COLUMBIA U OF M, MO US",38.94243,-92.32044,234.7,10/26/2019,0.5,8.3,8.9,0,0,10.6,11.1,9.4,5.6,5.6
USC00231801,"COLUMBIA U OF M, MO US",38.94243,-92.32044,234.7,10/27/2019,2.8,7.2,7.8,0,0,16.7,14.4,20,5,7.8
USC00231801,"COLUMBIA U OF M, MO US",38.94243,-92.32044,234.7,10/28/2019,0,9.4,10,0,0,12.8,12.2,10,3.3,3.3
USC00231801,"COLUMBIA U OF M, MO US",38.94243,-92.32044,234.7,10/29/2019,3,6.7,7.8,0,0,9.4,10,3.3,1.7,1.7
USC00231801,"COLUMBIA U OF M, MO US",38.94243,-92.32044,234.7,10/30/2019,39.4,6.1,6.7,0,0,7.8,8.3,2.8,-0.6,-0.6
USC00231801,"COLUMBIA U OF M, MO US",38.94243,-92.32044,234.7,10/31/2019,4.6,3.3,4.4,8,0,8.3,7.8,3.3,-2.2,-1.1
USC00231801,"COLUMBIA U OF M, MO US",38.94243,-92.32044,234.7,11/1/2019,0,2.8,3.9,0,0,10,8.3,13.9,-1.7,5.6
USC00231801,"COLUMBIA U OF M, MO US",38.94243,-92.32044,234.7,11/2/2019,0,3.9,5,0,0,10.6,8.9,10.6,1.1,2.8
USC00231801,"COLUMBIA U OF M, MO US",38.94243,-92.32044,234.7,11/3/2019,0,3.9,4.4,0,0,11.7,10,16.7,1.1,7.8
USC00231801,"COLUMBIA U OF M, MO US",38.94243,-92.32044,234.7,11/4/2019,0,6.1,6.7,0,0,9.4,9.4,10,7.2,7.2
USC00231801,"COLUMBIA U OF M, MO US",38.94243,-92.32044,234.7,11/5/2019,0.3,6.1,6.7,0,0,12.8,11.1,12.2,2.2,6.7
USC00231801,"COLUMBIA U OF M, MO US",38.94243,-92.32044,234.7,11/6/2019,0,6.7,7.2,0,0,13.3,11.7,15,3.9,3.9
USC00231801,"COLUMBIA U OF M, MO US",38.94243,-92.32044,234.7,11/7/2019,0,3.9,4.4,0,0,10,9.4,3.9,-3.9,-3.9
USC00231801,"COLUMBIA U OF M, MO US",38.94243,-92.32044,234.7,11/8/2019,0,2.2,2.8,0,0,6.7,5,5,-7.2,3.3
USC00231801,"COLUMBIA U OF M, MO US",38.94243,-92.32044,234.7,11/9/2019,0,2.8,3.3,0,0,10.6,9.4,17.2,1.1,10
USC00231801,"COLUMBIA U OF M, MO US",38.94243,-92.32044,234.7,11/10/2019,0,5.6,6.1,0,0,13.3,11.1,16.7,4.4,4.4
USC00231801,"COLUMBIA U OF M, MO US",38.94243,-92.32044,234.7,11/11/2019,2.8,2.8,3.9,0,0,7.2,7.8,4.4,-10,-10
USC00231801,"COLUMBIA U OF M, MO US",38.94243,-92.32044,234.7,11/12/2019,8.1,2.2,3.3,76,76,5,3.9,-6.1,-13.9,-8.9
USC00231801,"COLUMBIA U OF M, MO US",38.94243,-92.32044,234.7,11/13/2019,0,1.1,2.2,0,76,2.2,3.3,5,-8.9,0
USC00231801,"COLUMBIA U OF M, MO US",38.94243,-92.32044,234.7,11/14/2019,0,2.2,2.8,0,0,7.2,6.1,5.6,-3.9,-3.3
USC00231801,"COLUMBIA U OF M, MO US",38.94243,-92.32044,234.7,11/15/2019,0,1.7,2.2,0,0,6.7,4.4,10,-6.7,0
USC00231801,"COLUMBIA U OF M, MO US",38.94243,-92.32044,234.7,11/16/2019,0,2.2,2.8,0,0,7.8,6.1,11.7,-1.7,3.3
USC00231801,"COLUMBIA U OF M, MO US",38.94243,-92.32044,234.7,11/17/2019,0,3.9,4.4,0,0,7.2,7.2,8.3,3.3,6.7
USC00231801,"COLUMBIA U OF M, MO US",38.94243,-92.32044,234.7,11/18/2019,1,3.3,3.9,0,0,8.9,8.3,12.2,0,8.3
USC00231801,"COLUMBIA U OF M, MO US",38.94243,-92.32044,234.7,11/19/2019,0,6.1,6.7,0,0,11.1,9.4,16.1,3.9,4.4
USC00231801,"COLUMBIA U OF M, MO US",38.94243,-92.32044,234.7,11/20/2019,0,4.4,5.6,0,0,10.6,10,19.4,2.8,12.8
USC00231801,"COLUMBIA U OF M, MO US",38.94243,-92.32044,234.7,11/21/2019,5.3,7.2,7.8,0,0,10.6,10.6,15,3.3,3.3
USC00231801,"COLUMBIA U OF M, MO US",38.94243,-92.32044,234.7,11/22/2019,0,4.4,5,0,0,7.8,7.8,4.4,-0.6,0.6
USC00231801,"COLUMBIA U OF M, MO US",38.94243,-92.32044,234.7,11/23/2019,4.1,3.3,4.4,0,0,7.2,6.7,6.1,0,2.2
USC00231801,"COLUMBIA U OF M, MO US",38.94243,-92.32044,234.7,11/24/2019,0,2.8,3.3,0,0,9.4,7.8,16.7,0.6,9.4
USC00231801,"COLUMBIA U OF M, MO US",38.94243,-92.32044,234.7,11/25/2019,0,3.9,4.4,0,0,8.9,8.3,16.1,5.6,7.2
USC00231801,"COLUMBIA U OF M, MO US",38.94243,-92.32044,234.7,11/26/2019,0,5,5.6,0,0,10,9.4,16.1,5.6,13.3
USC00231801,"COLUMBIA U OF M, MO US",38.94243,-92.32044,234.7,11/27/2019,2.5,3.3,3.9,0,0,9.4,9.4,13.3,0,0
USC00231801,"COLUMBIA U OF M, MO US",38.94243,-92.32044,234.7,11/28/2019,0,2.2,3.3,0,0,3.9,4.4,1.1,-1.7,1.1
USC00231801,"COLUMBIA U OF M, MO US",38.94243,-92.32044,234.7,11/29/2019,4.1,3.3,3.9,0,0,5.6,5.6,5,1.1,5
USC00231801,"COLUMBIA U OF M, MO US",38.94243,-92.32044,234.7,11/30/2019,30.7,5.6,5.6,0,0,10,9.4,19.4,4.4,5
USC00231801,"COLUMBIA U OF M, MO US",38.94243,-92.32044,234.7,12/1/2019,0,2.8,3.9,0,0,6.1,6.7,5,0,0
USC00231801,"COLUMBIA U OF M, MO US",38.94243,-92.32044,234.7,12/2/2019,0,2.2,2.8,0,0,5.6,4.4,5,-1.7,0
USC00231801,"COLUMBIA U OF M, MO US",38.94243,-92.32044,234.7,12/3/2019,0,1.7,2.2,0,0,5,4.4,10.6,-1.1,5
USC00231801,"COLUMBIA U OF M, MO US",38.94243,-92.32044,234.7,12/4/2019,0,2.2,2.8,0,0,7.2,6.1,13.3,1.7,1.7
USC00231801,"COLUMBIA U OF M, MO US",38.94243,-92.32044,234.7,12/5/2019,0,2.2,2.8,0,0,8.3,7.2,15.6,-0.6,11.1
USC00231801,"COLUMBIA U OF M, MO US",38.94243,-92.32044,234.7,12/6/2019,0,2.8,3.3,0,0,7.2,6.7,11.1,-2.2,-1.7
USC00231801,"COLUMBIA U OF M, MO US",38.94243,-92.32044,234.7,12/7/2019,0,1.7,2.2,0,0,5.6,3.9,8.3,-3.3,3.3
USC00231801,"COLUMBIA U OF M, MO US",38.94243,-92.32044,234.7,12/8/2019,0,2.2,2.8,0,0,8.3,7.8,14.4,2.8,9.4
USC00231801,"COLUMBIA U OF M, MO US",38.94243,-92.32044,234.7,12/9/2019,0,2.8,3.3,0,0,8.3,8.3,10,-6.1,-6.1
USC00231801,"COLUMBIA U OF M, MO US",38.94243,-92.32044,234.7,12/10/2019,0,1.1,1.7,0,0,2.8,3.3,2.2,-7.2,-5.6
USC00231801,"COLUMBIA U OF M, MO US",38.94243,-92.32044,234.7,12/11/2019,0,0.6,1.1,0,0,1.1,1.7,8.3,-6.1,2.2
USC00231801,"COLUMBIA U OF M, MO US",38.94243,-92.32044,234.7,12/12/2019,0,1.1,1.1,0,0,3.9,3.9,12.8,1.7,7.2
USC00231801,"COLUMBIA U OF M, MO US",38.94243,-92.32044,234.7,12/13/2019,0,2.2,2.8,0,0,7.2,6.1,12.8,3.3,6.7
USC00231801,"COLUMBIA U OF M, MO US",38.94243,-92.32044,234.7,12/14/2019,8.1,2.2,2.8,0,0,5,5,6.7,-3.9,-3.3
USC00231801,"COLUMBIA U OF M, MO US",38.94243,-92.32044,234.7,12/15/2019,0,1.1,1.7,0,0,2.2,2.8,-3.3,-5.6,-5
USC00231801,"COLUMBIA U OF M, MO US",38.94243,-92.32044,234.7,12/16/2019,9.1,1.1,1.7,89,102,1.7,1.7,-3.3,-6.1,-5.6
USC00231801,"COLUMBIA U OF M, MO US",38.94243,-92.32044,234.7,12/17/2019,3.6,1.1,1.7,51,152,1.7,1.7,-3.9,-10,-6.1
USC00231801,"COLUMBIA U OF M, MO US",38.94243,-92.32044,234.7,12/18/2019,0,1.1,1.7,0,127,1.7,1.7,0.6,-8.3,-2.2
USC00231801,"COLUMBIA U OF M, MO US",38.94243,-92.32044,234.7,12/19/2019,0,1.1,1.7,0,102,2.2,1.7,10.6,-2.8,4.4
USC00231801,"COLUMBIA U OF M, MO US",38.94243,-92.32044,234.7,12/20/2019,0,1.1,1.7,0,51,4.4,3.9,9.4,0.6,2.8
USC00231801,"COLUMBIA U OF M, MO US",38.94243,-92.32044,234.7,12/21/2019,0,1.7,2.2,0,0,5.6,4.4,11.7,-1.1,5
USC00231801,"COLUMBIA U OF M, MO US",38.94243,-92.32044,234.7,12/22/2019,0,1.7,2.2,0,0,6.7,5,12.2,-0.6,4.4
USC00231801,"COLUMBIA U OF M, MO US",38.94243,-92.32044,234.7,12/23/2019,0,1.7,2.2,0,0,7.2,6.1,16.7,-1.1,7.8
USC00231801,"COLUMBIA U OF M, MO US",38.94243,-92.32044,234.7,12/24/2019,0,2.2,2.8,0,0,8.3,7.2,17.2,5.6,11.1
USC00231801,"COLUMBIA U OF M, MO US",38.94243,-92.32044,234.7,12/25/2019,0,5,5,0,0,10.6,8.9,21.1,8.3,14.4
USC00231801,"COLUMBIA U OF M, MO US",38.94243,-92.32044,234.7,12/26/2019,0,5,5.6,0,0,7.2,7.2,17.2,1.7,1.7
USC00231801,"COLUMBIA U OF M, MO US",38.94243,-92.32044,234.7,12/27/2019,0,5,5.6,0,0,7.2,7.2,6.1,0.6,5.6
USC00231801,"COLUMBIA U OF M, MO US",38.94243,-92.32044,234.7,12/28/2019,2.8,5.6,6.1,0,0,10.6,10,15.6,4.4,11.7
USC00231801,"COLUMBIA U OF M, MO US",38.94243,-92.32044,234.7,12/29/2019,25.1,6.7,7.2,0,0,10.6,10.6,12.8,1.7,1.7
USC00231801,"COLUMBIA U OF M, MO US",38.94243,-92.32044,234.7,12/30/2019,0,2.2,2.8,0,0,6.7,7.2,1.7,0,0.6
USC00231801,"COLUMBIA U OF M, MO US",38.94243,-92.32044,234.7,12/31/2019,0,1.7,2.2,0,0,4.4,4.4,5,-1.1,1.1
USC00231801,"COLUMBIA U OF M, MO US",38.94243,-92.32044,234.7,1/1/2020,0,1.7,2.2,0,0,5,4.4,13.9,-1.1,7.2
USC00231801,"COLUMBIA U OF M, MO US",38.94243,-92.32044,234.7,1/2/2020,0,2.2,2.8,0,0,7.2,6.7,11.1,4.4,7.8
USC00231801,"COLUMBIA U OF M, MO US",38.94243,-92.32044,234.7,1/3/2020,0,3.3,3.9,0,0,5.6,6.1,7.8,1.7,1.7
USC00231801,"COLUMBIA U OF M, MO US",38.94243,-92.32044,234.7,1/4/2020,0,2.2,2.8,0,0,5,4.4,5,0,1.1
USC00231801,"COLUMBIA U OF M, MO US",38.94243,-92.32044,234.7,1/5/2020,0,1.7,2.2,0,0,5.6,4.4,12.2,0,3.3
USC00231801,"COLUMBIA U OF M, MO US",38.94243,-92.32044,234.7,1/6/2020,0,1.1,1.7,0,0,4.4,3.9,9.4,-5.6,3.3
USC00231801,"COLUMBIA U OF M, MO US",38.94243,-92.32044,234.7,1/7/2020,0,1.7,1.7,0,0,5,3.9,8.3,-0.6,5
USC00231801,"COLUMBIA U OF M, MO US",38.94243,-92.32044,234.7,1/8/2020,0,1.1,1.7,0,0,3.9,2.8,8.9,-2.2,7.2
USC00231801,"COLUMBIA U OF M, MO US",38.94243,-92.32044,234.7,1/9/2020,0,2.2,2.2,0,0,8.3,7.8,15.6,6.7,11.7
USC00231801,"COLUMBIA U OF M, MO US",38.94243,-92.32044,234.7,1/10/2020,0,7.2,7.2,0,0,10,9.4,13.3,1.1,1.1
USC00231801,"COLUMBIA U OF M, MO US",38.94243,-92.32044,234.7,1/11/2020,54.9,2.2,3.3,0,0,7.2,7.8,1.7,-6.1,-6.1
USC00231801,"COLUMBIA U OF M, MO US",38.94243,-92.32044,234.7,1/12/2020,4.6,1.7,2.2,46,51,2.2,2.8,-1.1,-6.1,-1.1
USC00231801,"COLUMBIA U OF M, MO US",38.94243,-92.32044,234.7,1/13/2020,0,1.7,2.2,0,51,3.3,3.3,3.9,-1.1,3.9
USC00231801,"COLUMBIA U OF M, MO US",38.94243,-92.32044,234.7,1/14/2020,0,2.8,2.8,0,0,8.3,6.7,12.8,2.8,10
USC00231801,"COLUMBIA U OF M, MO US",38.94243,-92.32044,234.7,1/15/2020,0,5,5.6,0,0,9.4,8.9,12.8,-2.2,-2.2
USC00231801,"COLUMBIA U OF M, MO US",38.94243,-92.32044,234.7,1/16/2020,0,1.7,2.2,0,0,5,5.6,-2.2,-8.3,-5
USC00231801,"COLUMBIA U OF M, MO US",38.94243,-92.32044,234.7,1/17/2020,0,1.1,1.7,0,0,1.7,2.2,1.1,-5.6,0.6
USC00231801,"COLUMBIA U OF M, MO US",38.94243,-92.32044,234.7,1/18/2020,33,1.7,1.7,0,0,3.9,3.9,5.6,-5.6,-5
USC00231801,"COLUMBIA U OF M, MO US",38.94243,-92.32044,234.7,1/19/2020,0,1.1,1.1,0,0,2.2,2.2,-5,-12.2,-11.1
USC00231801,"COLUMBIA U OF M, MO US",38.94243,-92.32044,234.7,1/20/2020,0,0.6,0.6,0,0,1.1,1.1,-8.3,-11.7,-10
USC00231801,"COLUMBIA U OF M, MO US",38.94243,-92.32044,234.7,1/21/2020,1,0.6,0.6,13,25,0.6,1.1,0,-10.6,-1.7
USC00231801,"COLUMBIA U OF M, MO US",38.94243,-92.32044,234.7,1/22/2020,0,0.6,0.6,0,0,0.6,0.6,1.1,-2.2,0
USC00231801,"COLUMBIA U OF M, MO US",38.94243,-92.32044,234.7,1/23/2020,4.3,0.6,0.6,13,25,0.6,1.1,1.7,0,0
USC00231801,"COLUMBIA U OF M, MO US",38.94243,-92.32044,234.7,1/24/2020,17,0.6,0.6,152,152,0.6,1.1,1.1,0,0.6
USC00231801,"COLUMBIA U OF M, MO US",38.94243,-92.32044,234.7,1/25/2020,0.5,0.6,1.1,0,152,0.6,1.1,0.6,-3.3,-1.1
USC00231801,"COLUMBIA U OF M, MO US",38.94243,-92.32044,234.7,1/26/2020,0,0.6,1.1,0,127,0.6,1.1,4.4,-3.9,-1.7
USC00231801,"COLUMBIA U OF M, MO US",38.94243,-92.32044,234.7,1/27/2020,0,0.6,1.1,0,76,0.6,1.1,1.1,-2.2,-0.6
USC00231801,"COLUMBIA U OF M, MO US",38.94243,-92.32044,234.7,1/28/2020,0,0.6,1.1,0,25,1.1,1.1,-0.6,-1.7,-1.1
USC00231801,"COLUMBIA U OF M, MO US",38.94243,-92.32044,234.7,1/29/2020,0.5,1.1,1.1,5,25,1.1,1.1,0,-2.8,-1.7
USC00231801,"COLUMBIA U OF M, MO US",38.94243,-92.32044,234.7,1/30/2020,0,1.1,1.1,0,25,1.1,1.1,2.2,-2.2,0
USC00231801,"COLUMBIA U OF M, MO US",38.94243,-92.32044,234.7,1/31/2020,0,1.1,1.1,0,0,1.7,1.7,5.6,0,2.8
USC00231801,"COLUMBIA U OF M, MO US",38.94243,-92.32044,234.7,2/1/2020,0,1.7,1.7,0,0,4.4,3.9,7.8,0.6,6.7
USC00231801,"COLUMBIA U OF M, MO US",38.94243,-92.32044,234.7,2/2/2020,0,2.8,2.8,0,0,8.9,7.8,19.4,6.1,7.8
USC00231801,"COLUMBIA U OF M, MO US",38.94243,-92.32044,234.7,2/3/2020,0,3.9,4.4,0,0,10,8.9,22.2,4.4,4.4
USC00231801,"COLUMBIA U OF M, MO US",38.94243,-92.32044,234.7,2/4/2020,0,2.2,2.8,0,0,6.7,7.2,4.4,-0.6,0
USC00231801,"COLUMBIA U OF M, MO US",38.94243,-92.32044,234.7,2/5/2020,1.5,1.1,1.7,0,0,2.2,2.8,0,-3.9,-3.9
USC00231801,"COLUMBIA U OF M, MO US",38.94243,-92.32044,234.7,2/6/2020,7.4,1.1,1.7,114,127,1.7,2.2,0,-6.1,-6.1
USC00231801,"COLUMBIA U OF M, MO US",38.94243,-92.32044,234.7,2/7/2020,0,1.1,1.7,0,102,1.7,1.7,0.6,-7.8,-2.2
USC00231801,"COLUMBIA U OF M, MO US",38.94243,-92.32044,234.7,2/8/2020,0.8,1.1,1.7,0,76,2.8,2.2,2.2,-4.4,1.7
USC00231801,"COLUMBIA U OF M, MO US",38.94243,-92.32044,234.7,2/9/2020,1.3,1.1,1.7,0,25,3.9,3.9,8.9,1.1,1.1
USC00231801,"COLUMBIA U OF M, MO US",38.94243,-92.32044,234.7,2/10/2020,6.6,2.8,3.3,0,0,7.2,6.1,3.3,-2.2,0.6
USC00231801,"COLUMBIA U OF M, MO US",38.94243,-92.32044,234.7,2/11/2020,0,2.8,3.3,0,0,6.7,6.1,5.6,0,0
USC00231801,"COLUMBIA U OF M, MO US",38.94243,-92.32044,234.7,2/12/2020,0,1.1,1.7,0,0,2.8,3.3,1.7,0,0.6
USC00231801,"COLUMBIA U OF M, MO US",38.94243,-92.32044,234.7,2/13/2020,14,1.1,1.7,89,76,2.8,2.2,0.6,-15.6,-15
USC00231801,"COLUMBIA U OF M, MO US",38.94243,-92.32044,234.7,2/14/2020,0,0.6,1.1,0,76,1.1,1.7,-2.2,-18.9,-3.3
USC00231801,"COLUMBIA U OF M, MO US",38.94243,-92.32044,234.7,2/15/2020,0,0.6,0.6,0,51,0.6,1.1,5,-3.9,-1.7
USC00231801,"COLUMBIA U OF M, MO US",38.94243,-92.32044,234.7,2/16/2020,0,0.6,0.6,0,25,1.7,1.1,10.6,-5,5
USC00231801,"COLUMBIA U OF M, MO US",38.94243,-92.32044,234.7,2/17/2020,0,1.1,1.1,0,0,3.9,3.9,10.6,4.4,5.6
USC00231801,"COLUMBIA U OF M, MO US",38.94243,-92.32044,234.7,2/18/2020,0,2.8,2.8,0,0,7.8,6.7,6.1,-1.1,-1.1
USC00231801,"COLUMBIA U OF M, MO US",38.94243,-92.32044,234.7,2/19/2020,0,1.7,2.2,0,0,7.2,6.1,5,-3.9,-1.7
USC00231801,"COLUMBIA U OF M, MO US",38.94243,-92.32044,234.7,2/20/2020,0,1.1,1.7,0,0,5.6,4.4,-1.1,-7.8,-7.8
USC00231801,"COLUMBIA U OF M, MO US",38.94243,-92.32044,234.7,2/21/2020,0,0.6,1.1,0,0,2.8,2.2,5.6,-10,0.6
USC00231801,"COLUMBIA U OF M, MO US",38.94243,-92.32044,234.7,2/22/2020,0,0.6,1.1,0,0,5,3.9,11.1,-2.2,6.7
USC00231801,"COLUMBIA U OF M, MO US",38.94243,-92.32044,234.7,2/23/2020,0,1.7,1.7,0,0,10,8.9,16.1,5.6,9.4
USC00231801,"COLUMBIA U OF M, MO US",38.94243,-92.32044,234.7,2/24/2020,8.9,6.1,6.1,0,0,6.7,6.7,9.4,3.3,3.9
USC00231801,"COLUMBIA U OF M, MO US",38.94243,-92.32044,234.7,2/25/2020,18,4.4,4.4,0,0,6.1,6.1,3.9,0,0
USC00231801,"COLUMBIA U OF M, MO US",38.94243,-92.32044,234.7,2/26/2020,3.3,3.3,3.3,20,25,5.6,5.6,2.8,-2.2,-2.2
USC00231801,"COLUMBIA U OF M, MO US",38.94243,-92.32044,234.7,2/27/2020,0,2.2,2.2,0,0,6.7,6.1,6.1,-4.4,1.7
USC00231801,"COLUMBIA U OF M, MO US",38.94243,-92.32044,234.7,2/28/2020,0,1.7,2.2,0,0,8.3,7.2,8.9,-2.2,0.6
USC00231801,"COLUMBIA U OF M, MO US",38.94243,-92.32044,234.7,2/29/2020,0,1.7,2.2,0,0,10,8.3,13.3,-3.9,8.9
USC00231801,"COLUMBIA U OF M, MO US",38.94243,-92.32044,234.7,3/1/2020,0,3.9,3.9,0,0,11.1,10,18.9,7.8,13.3
USC00231801,"COLUMBIA U OF M, MO US",38.94243,-92.32044,234.7,3/2/2020,0,5.6,6.1,0,0,12.8,11.1,13.3,2.8,6.1
USC00231801,"COLUMBIA U OF M, MO US",38.94243,-92.32044,234.7,3/3/2020,0,3.9,4.4,0,0,12.8,11.1,15.6,3.3,8.3
USC00231801,"COLUMBIA U OF M, MO US",38.94243,-92.32044,234.7,3/4/2020,0,4.4,5,0,0,11.7,10.6,13.3,6.1,6.1
USC00231801,"COLUMBIA U OF M, MO US",38.94243,-92.32044,234.7,3/5/2020,0,3.3,4.4,0,0,12.2,10.6,15,3.3,5
USC00231801,"COLUMBIA U OF M, MO US",38.94243,-92.32044,234.7,3/6/2020,0,2.8,3.3,0,0,12.2,9.4,11.7,0,3.9
USC00231801,"COLUMBIA U OF M, MO US",38.94243,-92.32044,234.7,3/7/2020,0,2.2,2.8,0,0,12.2,10,18.3,1.7,10.6
USC00231801,"COLUMBIA U OF M, MO US",38.94243,-92.32044,234.7,3/8/2020,0,4.4,5,0,0,13.3,11.1,22.8,7.2,15.6
USC00231801,"COLUMBIA U OF M, MO US",38.94243,-92.32044,234.7,3/9/2020,6.9,8.3,8.3,0,0,10,10,15.6,4.4,4.4
USC00231801,"COLUMBIA U OF M, MO US",38.94243,-92.32044,234.7,3/10/2020,22.6,7.2,7.8,0,0,10,9.4,6.1,2.8,4.4
USC00231801,"COLUMBIA U OF M, MO US",38.94243,-92.32044,234.7,3/11/2020,0,6.1,6.1,0,0,15.6,13.3,17.2,3.9,9.4
USC00231801,"COLUMBIA U OF M, MO US",38.94243,-92.32044,234.7,3/12/2020,0,7.8,7.8,0,0,11.7,11.1,15.6,7.8,7.8
USC00231801,"COLUMBIA U OF M, MO US",38.94243,-92.32044,234.7,3/13/2020,2.3,5.6,6.1,0,0,8.9,9.4,7.8,3.3,6.1
USC00231801,"COLUMBIA U OF M, MO US",38.94243,-92.32044,234.7,3/14/2020,13.2,5.6,6.1,0,0,6.7,6.7,6.1,1.7,1.7
USC00231801,"COLUMBIA U OF M, MO US",38.94243,-92.32044,234.7,3/15/2020,1.5,5,5,0,0,7.2,7.2,4.4,1.1,3.3
USC00231801,"COLUMBIA U OF M, MO US",38.94243,-92.32044,234.7,3/16/2020,3.3,5,5,0,0,7.2,7.2,6.1,1.7,5
USC00231801,"COLUMBIA U OF M, MO US",38.94243,-92.32044,234.7,3/17/2020,1,6.1,6.1,0,0,9.4,8.9,9.4,4.4,7.2
USC00231801,"COLUMBIA U OF M, MO US",38.94243,-92.32044,234.7,3/18/2020,6.6,9.4,7.2,0,0,9.4,7.2,15.6,6.7,12.8
USC00231801,"COLUMBIA U OF M, MO US",38.94243,-92.32044,234.7,3/19/2020,18,9.4,9.4,0,0,13.3,12.8,21.7,12.8,17.2
USC00231801,"COLUMBIA U OF M, MO US",38.94243,-92.32044,234.7,3/20/2020,11.9,5.6,6.7,0,0,12.2,11.7,18.3,-0.6,-0.6
USC00231801,"COLUMBIA U OF M, MO US",38.94243,-92.32044,234.7,3/21/2020,0,3.9,4.4,0,0,13.9,11.7,8.3,-2.8,2.2
USC00231801,"COLUMBIA U OF M, MO US",38.94243,-92.32044,234.7,3/22/2020,2,5,5.6,0,0,6.7,7.2,3.3,0,2.8
USC00231801,"COLUMBIA U OF M, MO US",38.94243,-92.32044,234.7,3/23/2020,11.2,6.1,6.7,13,0,11.7,10.6,10,2.8,5.6
USC00231801,"COLUMBIA U OF M, MO US",38.94243,-92.32044,234.7,3/24/2020,0.8,7.2,7.2,0,0,8.9,8.3,8.3,3.9,6.7
USC00231801,"COLUMBIA U OF M, MO US",38.94243,-92.32044,234.7,3/25/2020,10.7,7.8,7.8,0,0,13.3,12.2,17.2,5,12.2
USC00231801,"COLUMBIA U OF M, MO US",38.94243,-92.32044,234.7,3/26/2020,0,9.4,9.4,0,0,18.9,16.7,23.3,10.6,11.1
USC00231801,"COLUMBIA U OF M, MO US",38.94243,-92.32044,234.7,3/27/2020,20.6,12.2,12.2,0,0,16.1,15.6,25,11.1,19.4
USC00231801,"COLUMBIA U OF M, MO US",38.94243,-92.32044,234.7,3/28/2020,8.1,12.8,13.3,0,0,16.1,15.6,24.4,11.7,11.7
USC00231801,"COLUMBIA U OF M, MO US",38.94243,-92.32044,234.7,3/29/2020,7.1,10,10.6,0,0,16.7,15,18.9,8.3,8.9
USC00231801,"COLUMBIA U OF M, MO US",38.94243,-92.32044,234.7,3/30/2020,0,7.8,8.3,0,0,18.3,16.7,19.4,3.9,12.2
USC00231801,"COLUMBIA U OF M, MO US",38.94243,-92.32044,234.7,3/31/2020,0,9.4,10,0,0,18.3,16.7,17.8,8.3,8.3
USC00231801,"COLUMBIA U OF M, MO US",38.94243,-92.32044,234.7,4/1/2020,0,7.8,8.3,0,0,18.3,16.7,20,4.4,12.2
USC00231801,"COLUMBIA U OF M, MO US",38.94243,-92.32044,234.7,4/2/2020,0,10,10.6,0,0,17.2,16.1,23.3,11.1,16.7
USC00231801,"COLUMBIA U OF M, MO US",38.94243,-92.32044,234.7,4/3/2020,0,8.3,9.4,0,0,16.1,15,17.2,1.1,1.1
USC00231801,"COLUMBIA U OF M, MO US",38.94243,-92.32044,234.7,4/4/2020,8.9,6.7,7.8,0,0,10,10,5.6,0,4.4
USC00231801,"COLUMBIA U OF M, MO US",38.94243,-92.32044,234.7,4/5/2020,0,7.2,7.8,0,0,13.3,12.8,12.8,3.9,10
USC00231801,"COLUMBIA U OF M, MO US",38.94243,-92.32044,234.7,4/6/2020,0,10,10,0,0,16.1,15.6,22.2,8.9,18.9
USC00231801,"COLUMBIA U OF M, MO US",38.94243,-92.32044,234.7,4/7/2020,0,13.9,13.9,0,0,22.2,20.6,28.3,17.2,19.4
USC00231801,"COLUMBIA U OF M, MO US",38.94243,-92.32044,234.7,4/8/2020,0,13.9,14.4,0,0,25,22.8,30.6,11.7,11.7
USC00231801,"COLUMBIA U OF M, MO US",38.94243,-92.32044,234.7,4/9/2020,0,8.9,10,0,0,17.2,16.1,15,3.3,3.9
USC00231801,"COLUMBIA U OF M, MO US",38.94243,-92.32044,234.7,4/10/2020,0,6.1,7.2,0,0,18.3,16.7,12.8,0,11.1
USC00231801,"COLUMBIA U OF M, MO US",38.94243,-92.32044,234.7,4/11/2020,0,9.4,10,0,0,13.9,13.9,17.2,8.3,15.6
USC00231801,"COLUMBIA U OF M, MO US",38.94243,-92.32044,234.7,4/12/2020,5.3,9.4,10.6,0,0,17.2,16.1,19.4,1.7,1.7
USC00231801,"COLUMBIA U OF M, MO US",38.94243,-92.32044,234.7,4/13/2020,4.6,5.6,7.2,0,0,15,13.9,6.7,-0.6,3.9
USC00231801,"COLUMBIA U OF M, MO US",38.94243,-92.32044,234.7,4/14/2020,0,5.6,6.7,0,0,16.1,14.4,9.4,0,4.4
USC00231801,"COLUMBIA U OF M, MO US",38.94243,-92.32044,234.7,4/15/2020,0,5.6,6.1,0,0,17.8,15.6,10,1.7,4.4
USC00231801,"COLUMBIA U OF M, MO US",38.94243,-92.32044,234.7,4/16/2020,0,6.7,7.2,0,0,12.2,12.2,11.7,3.9,6.1
USC00231801,"COLUMBIA U OF M, MO US",38.94243,-92.32044,234.7,4/17/2020,7.1,5,6.1,0,0,8.9,8.9,6.7,1.1,1.1
USC00231801,"COLUMBIA U OF M, MO US",38.94243,-92.32044,234.7,4/18/2020,0,3.3,4.4,0,0,16.7,15,17.2,-0.6,8.9
USC00231801,"COLUMBIA U OF M, MO US",38.94243,-92.32044,234.7,4/19/2020,0,7.8,8.3,0,0,19.4,17.2,19.4,7.8,10
USC00231801,"COLUMBIA U OF M, MO US",38.94243,-92.32044,234.7,4/20/2020,0,7.8,8.9,0,0,16.7,15.6,18.9,5,14.4
USC00231801,"COLUMBIA U OF M, MO US",38.94243,-92.32044,234.7,4/21/2020,0,8.9,9.4,0,0,21.7,19.4,19.4,8.9,11.1
USC00231801,"COLUMBIA U OF M, MO US",38.94243,-92.32044,234.7,4/22/2020,0,9.4,10,0,0,17.2,16.1,20.6,10,12.2
USC00231801,"COLUMBIA U OF M, MO US",38.94243,-92.32044,234.7,4/23/2020,20.1,12.2,12.8,0,0,19.4,18.3,20.6,11.7,13.3
USC00231801,"COLUMBIA U OF M, MO US",38.94243,-92.32044,234.7,4/24/2020,1.3,11.1,11.7,0,0,19.4,17.8,21.7,10.6,13.3
USC00231801,"COLUMBIA U OF M, MO US",38.94243,-92.32044,234.7,4/25/2020,27.9,11.7,12.2,0,0,15,15,16.1,8.3,8.3
USC00231801,"COLUMBIA U OF M, MO US",38.94243,-92.32044,234.7,4/26/2020,4.8,9.4,10,0,0,22.2,20,20,3.9,13.9
USC00231801,"COLUMBIA U OF M, MO US",38.94243,-92.32044,234.7,4/27/2020,1.5,12.2,12.8,0,0,20.6,19.4,22.8,10,15
USC00231801,"COLUMBIA U OF M, MO US",38.94243,-92.32044,234.7,4/28/2020,2,13.3,13.9,0,0,23.9,22.2,27.2,13.9,14.4
USC00231801,"COLUMBIA U OF M, MO US",38.94243,-92.32044,234.7,4/29/2020,39.6,12.8,13.3,0,0,16.7,17.2,14.4,9.4,10
USC00231801,"COLUMBIA U OF M, MO US",38.94243,-92.32044,234.7,4/30/2020,2.3,10.6,11.1,0,0,22.2,20,21.1,8.3,10
USC00231801,"COLUMBIA U OF M, MO US",38.94243,-92.32044,234.7,5/1/2020,0,11.1,11.7,0,0,21.1,20,26.1,7.2,20.6
USC00231801,"COLUMBIA U OF M, MO US",38.94243,-92.32044,234.7,5/2/2020,0,14.4,14.4,0,0,26.7,24.4,28.9,15.6,21.1
USC00231801,"COLUMBIA U OF M, MO US",38.94243,-92.32044,234.7,5/3/2020,0,14.4,15.6,0,0,21.1,20.6,21.7,11.7,11.7
USC00231801,"COLUMBIA U OF M, MO US",38.94243,-92.32044,234.7,5/4/2020,0,12.8,13.3,0,0,15.6,15.6,18.9,9.4,11.1
USC00231801,"COLUMBIA U OF M, MO US",38.94243,-92.32044,234.7,5/5/2020,17.5,12.8,13.3,0,0,20.6,18.9,20.6,9.4,10
USC00231801,"COLUMBIA U OF M, MO US",38.94243,-92.32044,234.7,5/6/2020,0,11.1,12.2,0,0,18.3,17.8,15.6,7.2,9.4
USC00231801,"COLUMBIA U OF M, MO US",38.94243,-92.32044,234.7,5/7/2020,0,10,11.1,0,0,22.8,21.1,19.4,6.7,10.6
USC00231801,"COLUMBIA U OF M, MO US",38.94243,-92.32044,234.7,5/8/2020,7.6,11.7,12.8,0,0,21.1,20,15,5.6,6.1
USC00231801,"COLUMBIA U OF M, MO US",38.94243,-92.32044,234.7,5/9/2020,0,9.4,10.6,0,0,20.6,19.4,17.2,2.8,12.8
USC00231801,"COLUMBIA U OF M, MO US",38.94243,-92.32044,234.7,5/10/2020,0,11.1,11.7,0,0,18.9,17.8,15,6.7,7.2
USC00231801,"COLUMBIA U OF M, MO US",38.94243,-92.32044,234.7,5/11/2020,0,8.9,10,0,0,20,18.3,13.9,2.8,8.9
USC00231801,"COLUMBIA U OF M, MO US",38.94243,-92.32044,234.7,5/12/2020,0,11.7,12.2,0,0,15,14.4,12.2,7.8,9.4
USC00231801,"COLUMBIA U OF M, MO US",38.94243,-92.32044,234.7,5/13/2020,0,11.7,12.2,0,0,15,14.4,17.2,9.4,17.2
USC00231801,"COLUMBIA U OF M, MO US",38.94243,-92.32044,234.7,5/14/2020,2.5,14.4,14.4,0,0,23.3,21.7,27.2,16.1,21.1
USC00231801,"COLUMBIA U OF M, MO US",38.94243,-92.32044,234.7,5/15/2020,24.1,16.7,17.2,0,0,21.1,20.6,21.7,15.6,16.1
USC00231801,"COLUMBIA U OF M, MO US",38.94243,-92.32044,234.7,5/16/2020,0,16.1,16.1,0,0,21.1,20,23.3,15.6,19.4
USC00231801,"COLUMBIA U OF M, MO US",38.94243,-92.32044,234.7,5/17/2020,2,16.7,17.2,0,0,22.2,21.1,21.1,14.4,14.4
USC00231801,"COLUMBIA U OF M, MO US",38.94243,-92.32044,234.7,5/18/2020,0,15.6,15.6,0,0,17.8,17.8,17.2,12.2,13.3
USC00231801,"COLUMBIA U OF M, MO US",38.94243,-92.32044,234.7,5/19/2020,0.5,15,15,0,0,20,19.4,19.4,12.8,14.4
USC00231801,"COLUMBIA U OF M, MO US",38.94243,-92.32044,234.7,5/20/2020,0,15.6,16.1,0,0,20.6,19.4,21.1,14.4,15
USC00231801,"COLUMBIA U OF M, MO US",38.94243,-92.32044,234.7,5/21/2020,0,15.6,16.1,0,0,19.4,18.9,18.9,13.3,15.6
USC00231801,"COLUMBIA U OF M, MO US",38.94243,-92.32044,234.7,5/22/2020,0,15.6,16.1,0,0,21.7,21.1,23.3,15,18.3
USC00231801,"COLUMBIA U OF M, MO US",38.94243,-92.32044,234.7,5/23/2020,0,16.7,17.2,0,0,26.7,25.6,29.4,17.2,22.2
USC00231801,"COLUMBIA U OF M, MO US",38.94243,-92.32044,234.7,5/24/2020,0,18.3,18.9,0,0,30,27.8,31.1,18.9,19.4
USC00231801,"COLUMBIA U OF M, MO US",38.94243,-92.32044,234.7,5/25/2020,0,19.4,20,0,0,28.9,27.8,30,18.3,19.4
USC00231801,"COLUMBIA U OF M, MO US",38.94243,-92.32044,234.7,5/26/2020,14.5,20,20.6,0,0,26.7,25.6,27.8,19.4,20.6
USC00231801,"COLUMBIA U OF M, MO US",38.94243,-92.32044,234.7,5/27/2020,1.8,20,20.6,0,0,25.6,24.4,25,18.9,18.9
USC00231801,"COLUMBIA U OF M, MO US",38.94243,-92.32044,234.7,5/28/2020,15.7,20,20.6,0,0,24.4,23.9,23.3,16.1,16.1
USC00231801,"COLUMBIA U OF M, MO US",38.94243,-92.32044,234.7,5/29/2020,5.6,17.2,18.3,0,0,26.7,25.6,23.9,13.9,15.6
USC00231801,"COLUMBIA U OF M, MO US",38.94243,-92.32044,234.7,5/30/2020,0,16.1,16.7,0,0,26.1,25,24.4,11.7,16.7
USC00231801,"COLUMBIA U OF M, MO US",38.94243,-92.32044,234.7,5/31/2020,0,17.2,17.8,0,0,27.2,25.6,25.6,13.9,18.9
USC00231801,"COLUMBIA U OF M, MO US",38.94243,-92.32044,234.7,6/1/2020,0,18.3,18.9,0,0,28.9,27.2,28.9,17.8,22.2
USC00231801,"COLUMBIA U OF M, MO US",38.94243,-92.32044,234.7,6/2/2020,0,19.4,20,0,0,31.7,30,30,18.9,22.8
USC00231801,"COLUMBIA U OF M, MO US",38.94243,-92.32044,234.7,6/3/2020,0,21.1,21.7,0,0,33.3,31.7,32.2,18.9,19.4
USC00231801,"COLUMBIA U OF M, MO US",38.94243,-92.32044,234.7,6/4/2020,39.9,22.2,22.2,0,0,29.4,28.3,28.3,18.3,21.1
USC00231801,"COLUMBIA U OF M, MO US",38.94243,-92.32044,234.7,6/5/2020,1.5,21.7,22.2,0,0,28.3,27.2,30.6,19.4,21.7
USC00231801,"COLUMBIA U OF M, MO US",38.94243,-92.32044,234.7,6/6/2020,1.3,21.1,21.7,0,0,31.1,30,32.8,19.4,25
USC00231801,"COLUMBIA U OF M, MO US",38.94243,-92.32044,234.7,6/7/2020,0,22.8,23.3,0,0,31.1,30,32.2,21.7,23.9
USC00231801,"COLUMBIA U OF M, MO US",38.94243,-92.32044,234.7,6/8/2020,0,22.2,22.8,0,0,31.1,29.4,30.6,20,26.1
USC00231801,"COLUMBIA U OF M, MO US",38.94243,-92.32044,234.7,6/9/2020,43.4,23.9,23.9,0,0,28.9,28.3,31.1,22.2,24.4
USC00231801,"COLUMBIA U OF M, MO US",38.94243,-92.32044,234.7,6/10/2020,19.1,18.9,20,0,0,24.4,25,24.4,15.6,16.7
USC00231801,"COLUMBIA U OF M, MO US",38.94243,-92.32044,234.7,6/11/2020,0,16.7,17.8,0,0,28.3,27.2,28.9,12.8,20.6
USC00231801,"COLUMBIA U OF M, MO US",38.94243,-92.32044,234.7,6/12/2020,0,18.9,20,0,0,31.1,29.4,31.1,16.7,22.8
USC00231801,"COLUMBIA U OF M, MO US",38.94243,-92.32044,234.7,6/13/2020,0,20.6,21.7,0,0,32.8,31.1,30.6,19.4,21.1
USC00231801,"COLUMBIA U OF M, MO US",38.94243,-92.32044,234.7,6/14/2020,0,21.1,21.7,0,0,32.2,31.1,29.4,18.3,21.1
USC00231801,"COLUMBIA U OF M, MO US",38.94243,-92.32044,234.7,6/15/2020,0,21.7,22.2,0,0,33.3,31.7,28.9,18.9,20.6
USC00231801,"COLUMBIA U OF M, MO US",38.94243,-92.32044,234.7,6/16/2020,0,21.1,21.7,0,0,32.8,31.7,27.8,17.2,19.4
USC00231801,"COLUMBIA U OF M, MO US",38.94243,-92.32044,234.7,6/17/2020,0,20.6,21.7,0,0,33.3,32.2,29.4,15.6,20.6
USC00231801,"COLUMBIA U OF M, MO US",38.94243,-92.32044,234.7,6/18/2020,0,21.7,22.2,0,0,33.3,31.7,30.6,17.8,22.2
USC00231801,"COLUMBIA U OF M, MO US",38.94243,-92.32044,234.7,6/19/2020,0,23.3,23.9,0,0,32.8,31.1,30.6,21.1,21.1
USC00231801,"COLUMBIA U OF M, MO US",38.94243,-92.32044,234.7,6/20/2020,17.8,22.8,22.8,0,0,28.9,27.8,28.9,20,21.1
USC00231801,"COLUMBIA U OF M, MO US",38.94243,-92.32044,234.7,6/21/2020,16.5,21.7,22.2,0,0,30.6,29.4,31.1,20,23.9
USC00231801,"COLUMBIA U OF M, MO US",38.94243,-92.32044,234.7,6/22/2020,0,22.8,22.8,0,0,29.4,28.9,28.9,21.1,21.1
USC00231801,"COLUMBIA U OF M, MO US",38.94243,-92.32044,234.7,6/23/2020,0,20.6,21.7,0,0,29.4,28.9,26.1,16.7,18.9
USC00231801,"COLUMBIA U OF M, MO US",38.94243,-92.32044,234.7,6/24/2020,0,19.4,20.6,0,0,31.1,30,27.8,15,18.9
USC00231801,"COLUMBIA U OF M, MO US",38.94243,-92.32044,234.7,6/25/2020,0,20.6,21.7,0,0,33.3,31.7,31.7,16.7,25.6
USC00231801,"COLUMBIA U OF M, MO US",38.94243,-92.32044,234.7,6/26/2020,0,23.3,23.9,0,0,33.9,32.8,32.8,22.2,25.6
USC00231801,"COLUMBIA U OF M, MO US",38.94243,-92.32044,234.7,6/27/2020,0,24.4,24.4,0,0,27.2,27.2,26.7,20.6,23.3
USC00231801,"COLUMBIA U OF M, MO US",38.94243,-92.32044,234.7,6/28/2020,8.9,23.3,23.9,0,0,30.6,29.4,32.2,22.8,27.2
USC00231801,"COLUMBIA U OF M, MO US",38.94243,-92.32044,234.7,6/29/2020,1,23.9,24.4,0,0,32.2,31.1,31.1,24.4,25.6
USC00231801,"COLUMBIA U OF M, MO US",38.94243,-92.32044,234.7,6/30/2020,0,23.9,24.4,0,0,27.2,27.2,27.8,20.6,21.7
USC00231801,"COLUMBIA U OF M, MO US",38.94243,-92.32044,234.7,7/1/2020,24.9,22.8,23.3,0,0,27.2,26.7,27.8,20.6,22.2
USC00231801,"COLUMBIA U OF M, MO US",38.94243,-92.32044,234.7,7/2/2020,6.6,22.2,22.8,0,0,31.1,30,30.6,20.6,25
USC00231801,"COLUMBIA U OF M, MO US",38.94243,-92.32044,234.7,7/3/2020,0,23.9,24.4,0,0,31.7,30.6,31.1,23.3,23.9
USC00231801,"COLUMBIA U OF M, MO US",38.94243,-92.32044,234.7,7/4/2020,0,24.4,25,0,0,31.7,30.6,30.6,23.3,23.9
USC00231801,"COLUMBIA U OF M, MO US",38.94243,-92.32044,234.7,7/5/2020,0,23.9,24.4,0,0,33.9,32.8,32.2,21.7,25.6
USC00231801,"COLUMBIA U OF M, MO US",38.94243,-92.32044,234.7,7/6/2020,0,25,25.6,0,0,34.4,33.3,33.3,22.8,25
USC00231801,"COLUMBIA U OF M, MO US",38.94243,-92.32044,234.7,7/7/2020,0,25,25.6,0,0,35.6,33.9,33.9,22.2,26.1
USC00231801,"COLUMBIA U OF M, MO US",38.94243,-92.32044,234.7,7/8/2020,0,26.1,26.7,0,0,35.6,33.9,33.3,22.8,26.1
USC00231801,"COLUMBIA U OF M, MO US",38.94243,-92.32044,234.7,7/9/2020,1.5,25.6,26.1,0,0,33.9,33.3,33.3,22.8,25
USC00231801,"COLUMBIA U OF M, MO US",38.94243,-92.32044,234.7,7/10/2020,0,24.4,25.6,0,0,35,33.9,31.7,20.6,22.8
USC00231801,"COLUMBIA U OF M, MO US",38.94243,-92.32044,234.7,7/11/2020,0,25,25.6,0,0,35,33.9,33.9,21.7,27.8
USC00231801,"COLUMBIA U OF M, MO US",38.94243,-92.32044,234.7,7/12/2020,0,25.6,26.1,0,0,33.3,32.2,30.6,21.1,22.8
USC00231801,"COLUMBIA U OF M, MO US",38.94243,-92.32044,234.7,7/13/2020,0,24.4,25,0,0,33.3,31.7,31.1,20,23.3
USC00231801,"COLUMBIA U OF M, MO US",38.94243,-92.32044,234.7,7/14/2020,0,24.4,25,0,0,31.7,30.6,31.7,20.6,26.1
USC00231801,"COLUMBIA U OF M, MO US",38.94243,-92.32044,234.7,7/15/2020,0,24.4,25,0,0,28.9,28.3,28.9,21.1,21.1
USC00231801,"COLUMBIA U OF M, MO US",38.94243,-92.32044,234.7,7/16/2020,1.3,22.8,23.3,0,0,32.2,30.6,30.6,18.9,23.9
USC00231801,"COLUMBIA U OF M, MO US",38.94243,-92.32044,234.7,7/17/2020,0,24.4,25,0,0,32.8,31.1,33.9,22.2,25.6
USC00231801,"COLUMBIA U OF M, MO US",38.94243,-92.32044,234.7,7/18/2020,0,25.6,25.6,0,0,33.9,32.8,34.4,23.9,28.3
USC00231801,"COLUMBIA U OF M, MO US",38.94243,-92.32044,234.7,7/19/2020,0,25,25.6,0,0,30.6,30,30.6,21.1,21.7
USC00231801,"COLUMBIA U OF M, MO US",38.94243,-92.32044,234.7,7/20/2020,13,23.9,24.4,0,0,27.8,27.2,27.8,21.1,23.9
USC00231801,"COLUMBIA U OF M, MO US",38.94243,-92.32044,234.7,7/21/2020,16,23.9,24.4,0,0,27.2,26.7,28.3,22.2,22.2
USC00231801,"COLUMBIA U OF M, MO US",38.94243,-92.32044,234.7,7/22/2020,38.1,23.9,23.9,0,0,31.1,30,31.1,21.1,24.4
USC00231801,"COLUMBIA U OF M, MO US",38.94243,-92.32044,234.7,7/23/2020,0,24.4,25,0,0,30.6,29.4,32.2,22.2,24.4
USC00231801,"COLUMBIA U OF M, MO US",38.94243,-92.32044,234.7,7/24/2020,0,24.4,25,0,0,31.1,30,33.3,22.2,25.6
USC00231801,"COLUMBIA U OF M, MO US",38.94243,-92.32044,234.7,7/25/2020,0,25.6,25.6,0,0,31.1,30.6,32.8,23.9,26.1
USC00231801,"COLUMBIA U OF M, MO US",38.94243,-92.32044,234.7,7/26/2020,0,25.6,26.1,0,0,31.7,31.1,33.3,23.9,25
USC00231801,"COLUMBIA U OF M, MO US",38.94243,-92.32044,234.7,7/27/2020,9.9,25.6,26.1,0,0,28.9,28.3,28.3,22.8,22.8
USC00231801,"COLUMBIA U OF M, MO US",38.94243,-92.32044,234.7,7/28/2020,0.8,22.8,23.9,0,0,32.8,31.1,31.1,20.6,23.9
USC00231801,"COLUMBIA U OF M, MO US",38.94243,-92.32044,234.7,7/29/2020,0,24.4,25,0,0,30,28.9,31.1,22.2,22.8
USC00231801,"COLUMBIA U OF M, MO US",38.94243,-92.32044,234.7,7/30/2020,19.3,23.9,24.4,0,0,27.2,26.7,26.1,22.2,22.2
USC00231801,"COLUMBIA U OF M, MO US",38.94243,-92.32044,234.7,7/31/2020,5.1,22.8,23.3,0,0,26.1,25.6,24.4,19.4,21.1
USC00231801,"COLUMBIA U OF M, MO US",38.94243,-92.32044,234.7,8/1/2020,6.4,21.1,21.7,0,0,28.3,27.2,27.8,18.3,20.6
USC00231801,"COLUMBIA U OF M, MO US",38.94243,-92.32044,234.7,8/2/2020,14,22.2,22.2,0,0,30,28.9,28.9,19.4,20
USC00231801,"COLUMBIA U OF M, MO US",38.94243,-92.32044,234.7,8/3/2020,1.3,21.1,21.7,0,0,27.8,26.7,25.6,16.7,16.7
USC00231801,"COLUMBIA U OF M, MO US",38.94243,-92.32044,234.7,8/4/2020,0,18.9,20,0,0,26.1,25.6,23.9,13.9,15.6
USC00231801,"COLUMBIA U OF M, MO US",38.94243,-92.32044,234.7,8/5/2020,0,17.8,18.9,0,0,27.8,26.1,25,13.3,18.9
USC00231801,"COLUMBIA U OF M, MO US",38.94243,-92.32044,234.7,8/6/2020,0,19.4,20,0,0,28.3,26.7,27.2,16.1,20.6
USC00231801,"COLUMBIA U OF M, MO US",38.94243,-92.32044,234.7,8/7/2020,0,20.6,21.1,0,0,32.2,30,30.6,18.3,23.3
USC00231801,"COLUMBIA U OF M, MO US",38.94243,-92.32044,234.7,8/8/2020,0,23.3,23.9,0,0,28.3,27.8,28.9,21.7,25
USC00231801,"COLUMBIA U OF M, MO US",38.94243,-92.32044,234.7,8/9/2020,3,23.9,23.9,0,0,29.4,28.3,30.6,23.3,25.6
USC00231801,"COLUMBIA U OF M, MO US",38.94243,-92.32044,234.7,8/10/2020,0,23.9,23.9,0,0,32.2,30.6,33.9,20.6,20.6
USC00231801,"COLUMBIA U OF M, MO US",38.94243,-92.32044,234.7,8/11/2020,61.5,22.8,23.3,0,0,29.4,28.3,30.6,20,22.2
USC00231801,"COLUMBIA U OF M, MO US",38.94243,-92.32044,234.7,8/12/2020,24.1,23.9,23.9,0,0,30.6,29.4,31.1,21.7,23.3
USC00231801,"COLUMBIA U OF M, MO US",38.94243,-92.32044,234.7,8/13/2020,0,23.3,23.9,0,0,30,28.9,30.6,21.1,22.8
USC00231801,"COLUMBIA U OF M, MO US",38.94243,-92.32044,234.7,8/14/2020,0,23.3,23.9,0,0,30.6,30,30.6,21.7,23.3
USC00231801,"COLUMBIA U OF M, MO US",38.94243,-92.32044,234.7,8/15/2020,0,22.8,23.3,0,0,28.9,27.8,28.9,19.4,19.4
USC00231801,"COLUMBIA U OF M, MO US",38.94243,-92.32044,234.7,8/16/2020,0,20,21.1,0,0,28.9,27.8,28.9,15.6,21.7
USC00231801,"COLUMBIA U OF M, MO US",38.94243,-92.32044,234.7,8/17/2020,0,21.7,22.2,0,0,30,28.9,28.9,18.9,21.7
USC00231801,"COLUMBIA U OF M, MO US",38.94243,-92.32044,234.7,8/18/2020,0,21.1,21.7,0,0,29.4,28.3,26.7,16.7,18.9
USC00231801,"COLUMBIA U OF M, MO US",38.94243,-92.32044,234.7,8/19/2020,0,20.6,21.7,0,0,29.4,28.3,26.1,16.1,16.1
USC00231801,"COLUMBIA U OF M, MO US",38.94243,-92.32044,234.7,8/20/2020,0,19.4,20.6,0,0,30,28.9,27.8,13.3,18.3
USC00231801,"COLUMBIA U OF M, MO US",38.94243,-92.32044,234.7,8/21/2020,0,20.6,21.1,0,0,31.1,29.4,30,15.6,20
USC00231801,"COLUMBIA U OF M, MO US",38.94243,-92.32044,234.7,8/22/2020,0,21.7,22.2,0,0,31.7,30,31.7,17.8,22.8
USC00231801,"COLUMBIA U OF M, MO US",38.94243,-92.32044,234.7,8/23/2020,0,23.3,23.9,0,0,31.7,30,32.8,21.1,25
USC00231801,"COLUMBIA U OF M, MO US",38.94243,-92.32044,234.7,8/24/2020,0,23.3,23.9,0,0,32.8,31.1,33.9,21.7,25
USC00231801,"COLUMBIA U OF M, MO US",38.94243,-92.32044,234.7,8/25/2020,0,23.9,24.4,0,0,32.2,31.1,34.4,22.2,25
USC00231801,"COLUMBIA U OF M, MO US",38.94243,-92.32044,234.7,8/26/2020,0,24.4,24.4,0,0,32.8,31.1,33.9,21.7,25
USC00231801,"COLUMBIA U OF M, MO US",38.94243,-92.32044,234.7,8/27/2020,0,25,25.6,0,0,30,29.4,30,23.3,24.4
USC00231801,"COLUMBIA U OF M, MO US",38.94243,-92.32044,234.7,8/28/2020,0,24.4,24.4,0,0,33.3,31.7,32.8,22.2,26.1
USC00231801,"COLUMBIA U OF M, MO US",38.94243,-92.32044,234.7,8/29/2020,0,21.7,22.8,0,0,27.2,27.8,26.1,17.8,17.8
USC00231801,"COLUMBIA U OF M, MO US",38.94243,-92.32044,234.7,8/30/2020,2,19.4,20.6,0,0,30.6,28.9,27.8,15,21.7
USC00231801,"COLUMBIA U OF M, MO US",38.94243,-92.32044,234.7,8/31/2020,0,22.2,22.8,0,0,25.6,25,26.1,18.9,22.2
USC00231801,"COLUMBIA U OF M, MO US",38.94243,-92.32044,234.7,9/1/2020,19.1,22.2,22.2,0,0,26.1,25.6,26.1,20.6,21.7
USC00231801,"COLUMBIA U OF M, MO US",38.94243,-92.32044,234.7,9/2/2020,24.9,21.7,22.2,0,0,28.3,27.2,27.8,18.9,19.4
USC00231801,"COLUMBIA U OF M, MO US",38.94243,-92.32044,234.7,9/3/2020,0,20.6,21.1,0,0,28.9,27.8,30,17.8,17.8
USC00231801,"COLUMBIA U OF M, MO US",38.94243,-92.32044,234.7,9/4/2020,0,18.3,19.4,0,0,27.8,26.7,27.2,13.3,17.8
USC00231801,"COLUMBIA U OF M, MO US",38.94243,-92.32044,234.7,9/5/2020,0,19.4,20,0,0,29.4,28.3,31.1,16.1,23.9
USC00231801,"COLUMBIA U OF M, MO US",38.94243,-92.32044,234.7,9/6/2020,0,22.2,22.8,0,0,29.4,28.3,31.7,22.2,25.6
USC00231801,"COLUMBIA U OF M, MO US",38.94243,-92.32044,234.7,9/7/2020,0,22.8,23.3,0,0,31.1,28.9,32.2,22.8,25
USC00231801,"COLUMBIA U OF M, MO US",38.94243,-92.32044,234.7,9/8/2020,0,21.1,22.2,0,0,29.4,27.8,25,14.4,14.4
USC00231801,"COLUMBIA U OF M, MO US",38.94243,-92.32044,234.7,9/9/2020,17.3,20,20.6,0,0,24.4,23.9,22.2,14.4,15
USC00231801,"COLUMBIA U OF M, MO US",38.94243,-92.32044,234.7,9/10/2020,0,19.4,20,0,0,23.3,22.8,21.7,15,18.3
USC00231801,"COLUMBIA U OF M, MO US",38.94243,-92.32044,234.7,9/11/2020,0,20.6,21.1,0,0,23.9,23.9,24.4,18.3,18.3
USC00231801,"COLUMBIA U OF M, MO US",38.94243,-92.32044,234.7,9/12/2020,46.2,20.6,21.1,0,0,25,24.4,22.8,16.7,18.9
USC00231801,"COLUMBIA U OF M, MO US",38.94243,-92.32044,234.7,9/13/2020,0,18.9,19.4,0,0,26.1,24.4,23.9,15,15
USC00231801,"COLUMBIA U OF M, MO US",38.94243,-92.32044,234.7,9/14/2020,0,17.8,18.3,0,0,25.6,24.4,26.1,13.9,16.7
USC00231801,"COLUMBIA U OF M, MO US",38.94243,-92.32044,234.7,9/15/2020,0,17.8,18.3,0,0,25,24.4,25.6,13.9,18.3
USC00231801,"COLUMBIA U OF M, MO US",38.94243,-92.32044,234.7,9/16/2020,0,18.3,18.9,0,0,27.8,26.1,28.3,16.1,19.4
USC00231801,"COLUMBIA U OF M, MO US",38.94243,-92.32044,234.7,9/17/2020,0,18.9,19.4,0,0,26.1,25,23.9,15.6,16.1
USC00231801,"COLUMBIA U OF M, MO US",38.94243,-92.32044,234.7,9/18/2020,0,16.7,17.2,0,0,23.9,23.3,21.7,12.8,12.8
USC00231801,"COLUMBIA U OF M, MO US",38.94243,-92.32044,234.7,9/19/2020,0,13.9,15,0,0,22.8,21.7,20,8.9,11.7
USC00231801,"COLUMBIA U OF M, MO US",38.94243,-92.32044,234.7,9/20/2020,0,13.9,15,0,0,23.3,21.7,22.8,9.4,13.3
USC00231801,"COLUMBIA U OF M, MO US",38.94243,-92.32044,234.7,9/21/2020,0,13.9,15,0,0,25.6,23.3,24.4,10.6,16.7
USC00231801,"COLUMBIA U OF M, MO US",38.94243,-92.32044,234.7,9/22/2020,0,16.1,16.7,0,0,24.4,23.3,24.4,13.3,18.9
USC00231801,"COLUMBIA U OF M, MO US",38.94243,-92.32044,234.7,9/23/2020,0,18.3,18.3,0,0,25.6,24.4,25,16.1,16.1
USC00231801,"COLUMBIA U OF M, MO US",38.94243,-92.32044,234.7,9/24/2020,0,16.7,17.2,0,0,27.2,25.6,24.4,13.3,15.6
USC00231801,"COLUMBIA U OF M, MO US",38.94243,-92.32044,234.7,9/25/2020,0,17.2,17.8,0,0,28.3,26.1,27.8,13.9,19.4
USC00231801,"COLUMBIA U OF M, MO US",38.94243,-92.32044,234.7,9/26/2020,0,18.3,18.9,0,0,28.3,26.7,30,16.7,20
USC00231801,"COLUMBIA U OF M, MO US",38.94243,-92.32044,234.7,9/27/2020,0,16.7,17.2,0,0,21.7,21.7,21.7,11.7,11.7
USC00231801,"COLUMBIA U OF M, MO US",38.94243,-92.32044,234.7,9/28/2020,17.5,14.4,15.6,0,0,20,20,18.9,10,11.7
USC00231801,"COLUMBIA U OF M, MO US",38.94243,-92.32044,234.7,9/29/2020,0,12.8,13.3,0,0,20.6,19.4,19.4,7.8,13.9
USC00231801,"COLUMBIA U OF M, MO US",38.94243,-92.32044,234.7,9/30/2020,0,13.3,13.9,0,0,21.1,20,23.9,11.1,11.7
